-- phpMyAdmin SQL Dump
-- version 5.2.1
-- https://www.phpmyadmin.net/
--
-- Host: 127.0.0.1
-- Generation Time: Nov 22, 2025 at 05:48 PM
-- Server version: 10.4.32-MariaDB
-- PHP Version: 8.2.12

SET SQL_MODE = "NO_AUTO_VALUE_ON_ZERO";
START TRANSACTION;
SET time_zone = "+00:00";


/*!40101 SET @OLD_CHARACTER_SET_CLIENT=@@CHARACTER_SET_CLIENT */;
/*!40101 SET @OLD_CHARACTER_SET_RESULTS=@@CHARACTER_SET_RESULTS */;
/*!40101 SET @OLD_COLLATION_CONNECTION=@@COLLATION_CONNECTION */;
/*!40101 SET NAMES utf8mb4 */;

--
-- Database: `smart_study`
--

-- --------------------------------------------------------

--
-- Table structure for table `achievements`
--

CREATE TABLE `achievements` (
  `id` int(11) NOT NULL,
  `name` varchar(100) NOT NULL COMMENT 'Name of the achievement (e.g., Week Warrior).',
  `description` varchar(255) NOT NULL COMMENT 'Description of how to unlock it.',
  `points_reward` int(11) NOT NULL DEFAULT 0 COMMENT 'Points awarded upon unlocking.',
  `icon` varchar(20) DEFAULT NULL COMMENT 'Emoji or icon for display.',
  `created_at` timestamp NOT NULL DEFAULT current_timestamp()
) ENGINE=InnoDB DEFAULT CHARSET=utf8mb4 COLLATE=utf8mb4_general_ci;

--
-- Dumping data for table `achievements`
--

INSERT INTO `achievements` (`id`, `name`, `description`, `points_reward`, `icon`, `created_at`) VALUES
(1, 'First Blood', 'Complete your first study session.', 100, '🥇', '2025-11-18 09:07:57'),
(2, 'Week Warrior', 'Study for 7 consecutive days.', 500, '🔥', '2025-11-18 09:07:57'),
(3, 'Century Club', 'Reach 100 total study hours.', 1000, '🏅', '2025-11-18 09:07:57'),
(4, 'Top of the Class', 'Reach #1 in the leaderboard.', 2500, '👑', '2025-11-18 09:07:57');

-- --------------------------------------------------------

--
-- Table structure for table `analytics`
--

CREATE TABLE `analytics` (
  `id` int(11) UNSIGNED NOT NULL,
  `success_rate` decimal(5,2) NOT NULL,
  `total_users` int(11) UNSIGNED NOT NULL,
  `total_sessions_recorded` int(11) UNSIGNED NOT NULL,
  `recorded_at` timestamp NOT NULL DEFAULT current_timestamp()
) ENGINE=InnoDB DEFAULT CHARSET=utf8mb4 COLLATE=utf8mb4_general_ci;

--
-- Dumping data for table `analytics`
--

INSERT INTO `analytics` (`id`, `success_rate`, `total_users`, `total_sessions_recorded`, `recorded_at`) VALUES
(1, 90.50, 200, 5000, '2025-10-29 16:00:00'),
(2, 94.80, 450, 9500, '2025-11-04 16:00:00'),
(3, 95.25, 504, 10200, '2025-11-07 14:45:19');

-- --------------------------------------------------------

--
-- Table structure for table `blocked_users`
--

CREATE TABLE `blocked_users` (
  `id` int(11) NOT NULL,
  `blocker_id` int(11) NOT NULL,
  `blocked_id` int(11) NOT NULL,
  `created_at` timestamp NOT NULL DEFAULT current_timestamp()
) ENGINE=InnoDB DEFAULT CHARSET=utf8mb4 COLLATE=utf8mb4_general_ci;

--
-- Dumping data for table `blocked_users`
--

INSERT INTO `blocked_users` (`id`, `blocker_id`, `blocked_id`, `created_at`) VALUES
(1, 16, 13, '2025-11-22 16:30:09'),
(2, 16, 8, '2025-11-22 16:33:33');

-- --------------------------------------------------------

--
-- Table structure for table `chat_settings`
--

CREATE TABLE `chat_settings` (
  `id` int(11) NOT NULL,
  `user_id` int(11) NOT NULL,
  `partner_id` int(11) DEFAULT NULL COMMENT 'If chat is with a user',
  `group_id` int(11) DEFAULT NULL COMMENT 'If chat is a group',
  `is_archived` tinyint(1) DEFAULT 0,
  `is_request` tinyint(1) DEFAULT 0,
  `is_spam` tinyint(1) DEFAULT 0
) ENGINE=InnoDB DEFAULT CHARSET=utf8mb4 COLLATE=utf8mb4_general_ci;

--
-- Dumping data for table `chat_settings`
--

INSERT INTO `chat_settings` (`id`, `user_id`, `partner_id`, `group_id`, `is_archived`, `is_request`, `is_spam`) VALUES
(1, 16, 17, NULL, 1, 0, 0),
(3, 16, 8, NULL, 1, 0, 0);

-- --------------------------------------------------------

--
-- Table structure for table `groups`
--

CREATE TABLE `groups` (
  `group_id` int(11) NOT NULL,
  `group_name` varchar(100) NOT NULL,
  `created_by` int(11) NOT NULL,
  `created_at` timestamp NOT NULL DEFAULT current_timestamp()
) ENGINE=InnoDB DEFAULT CHARSET=utf8mb4 COLLATE=utf8mb4_general_ci;

--
-- Dumping data for table `groups`
--

INSERT INTO `groups` (`group_id`, `group_name`, `created_by`, `created_at`) VALUES
(1, 'eutan', 16, '2025-11-22 08:12:37'),
(2, 'ewe', 16, '2025-11-22 08:12:55'),
(5, 'eewe', 16, '2025-11-22 09:29:52'),
(7, 'curry', 17, '2025-11-22 10:17:59'),
(8, 'euhan', 17, '2025-11-22 11:00:48');

-- --------------------------------------------------------

--
-- Table structure for table `group_deletion_requests`
--

CREATE TABLE `group_deletion_requests` (
  `request_id` int(11) NOT NULL,
  `group_id` int(11) NOT NULL,
  `initiator_id` int(11) NOT NULL,
  `delete_delay` varchar(20) NOT NULL COMMENT 'e.g., 1 hour, 1 day',
  `created_at` datetime DEFAULT current_timestamp(),
  `status` enum('pending','approved','rejected') DEFAULT 'pending'
) ENGINE=InnoDB DEFAULT CHARSET=utf8mb4 COLLATE=utf8mb4_general_ci;

--
-- Dumping data for table `group_deletion_requests`
--

INSERT INTO `group_deletion_requests` (`request_id`, `group_id`, `initiator_id`, `delete_delay`, `created_at`, `status`) VALUES
(1, 6, 16, 'Immediately', '2025-11-22 19:30:08', 'pending'),
(2, 4, 16, 'Immediately', '2025-11-22 21:34:32', 'pending'),
(3, 3, 17, '1 Hour', '2025-11-22 21:45:22', 'pending'),
(4, 1, 16, 'Immediately', '2025-11-22 21:45:43', 'pending');

-- --------------------------------------------------------

--
-- Table structure for table `group_deletion_votes`
--

CREATE TABLE `group_deletion_votes` (
  `vote_id` int(11) NOT NULL,
  `request_id` int(11) NOT NULL,
  `user_id` int(11) NOT NULL,
  `vote` tinyint(1) NOT NULL COMMENT '1=Yes, 0=No'
) ENGINE=InnoDB DEFAULT CHARSET=utf8mb4 COLLATE=utf8mb4_general_ci;

--
-- Dumping data for table `group_deletion_votes`
--

INSERT INTO `group_deletion_votes` (`vote_id`, `request_id`, `user_id`, `vote`) VALUES
(1, 1, 16, 1),
(2, 1, 17, 1),
(3, 1, 17, 1),
(4, 1, 17, 1),
(5, 2, 16, 1),
(6, 2, 17, 1),
(7, 3, 17, 1),
(8, 3, 16, 1),
(9, 4, 16, 1);

-- --------------------------------------------------------

--
-- Table structure for table `group_members`
--

CREATE TABLE `group_members` (
  `id` int(11) NOT NULL,
  `group_id` int(11) NOT NULL,
  `user_id` int(11) NOT NULL,
  `joined_at` timestamp NOT NULL DEFAULT current_timestamp()
) ENGINE=InnoDB DEFAULT CHARSET=utf8mb4 COLLATE=utf8mb4_general_ci;

--
-- Dumping data for table `group_members`
--

INSERT INTO `group_members` (`id`, `group_id`, `user_id`, `joined_at`) VALUES
(1, 1, 8, '2025-11-22 08:12:37'),
(2, 1, 11, '2025-11-22 08:12:37'),
(3, 1, 16, '2025-11-22 08:12:37'),
(4, 2, 17, '2025-11-22 08:12:55'),
(5, 2, 13, '2025-11-22 08:12:55'),
(6, 2, 16, '2025-11-22 08:12:55'),
(7, 3, 17, '2025-11-22 08:17:24'),
(8, 3, 8, '2025-11-22 08:17:24'),
(9, 3, 16, '2025-11-22 08:17:24'),
(10, 4, 16, '2025-11-22 09:02:12'),
(11, 4, 14, '2025-11-22 09:02:12'),
(12, 4, 17, '2025-11-22 09:02:12'),
(13, 5, 13, '2025-11-22 09:29:52'),
(14, 5, 15, '2025-11-22 09:29:52'),
(15, 5, 16, '2025-11-22 09:29:52'),
(16, 6, 16, '2025-11-22 09:41:18'),
(17, 6, 8, '2025-11-22 09:41:18'),
(18, 6, 17, '2025-11-22 09:41:18'),
(19, 7, 16, '2025-11-22 10:17:59'),
(20, 7, 18, '2025-11-22 10:17:59'),
(21, 7, 17, '2025-11-22 10:17:59'),
(22, 8, 16, '2025-11-22 11:00:48'),
(23, 8, 14, '2025-11-22 11:00:48'),
(24, 8, 17, '2025-11-22 11:00:48');

-- --------------------------------------------------------

--
-- Table structure for table `messages`
--

CREATE TABLE `messages` (
  `msg_id` int(11) NOT NULL,
  `sender_id` int(11) UNSIGNED NOT NULL,
  `receiver_id` int(11) UNSIGNED DEFAULT NULL,
  `group_id` int(11) DEFAULT NULL,
  `message` text NOT NULL,
  `timestamp` datetime DEFAULT current_timestamp(),
  `is_read` tinyint(1) NOT NULL DEFAULT 0,
  `is_notified` tinyint(1) NOT NULL DEFAULT 0,
  `deleted_by_sender` int(1) NOT NULL DEFAULT 0,
  `deleted_by_receiver` int(1) NOT NULL DEFAULT 0,
  `reply_to_msg_id` int(11) DEFAULT NULL
) ENGINE=InnoDB DEFAULT CHARSET=utf8mb4 COLLATE=utf8mb4_general_ci;

--
-- Dumping data for table `messages`
--

INSERT INTO `messages` (`msg_id`, `sender_id`, `receiver_id`, `group_id`, `message`, `timestamp`, `is_read`, `is_notified`, `deleted_by_sender`, `deleted_by_receiver`, `reply_to_msg_id`) VALUES
(1, 13, 7, NULL, 'eutan na ', '2025-11-15 22:06:00', 0, 0, 0, 0, NULL),
(2, 15, 13, NULL, 'yow wassup', '2025-11-15 22:08:11', 1, 0, 0, 0, NULL),
(3, 15, 13, NULL, 'EUTAN Na tayo ', '2025-11-15 22:08:50', 1, 0, 0, 0, NULL),
(4, 13, 15, NULL, 'kakantutin kita mamaya ', '2025-11-15 22:09:01', 1, 0, 0, 0, NULL),
(5, 15, 13, NULL, 'segewh ', '2025-11-15 22:09:06', 1, 0, 0, 0, NULL),
(6, 15, 13, NULL, 'tarana ', '2025-11-15 22:09:50', 1, 0, 0, 0, NULL),
(7, 15, 13, NULL, 'tara na eutann na ', '2025-11-15 22:10:16', 1, 0, 0, 0, NULL),
(8, 13, 15, NULL, 'segeh ', '2025-11-15 22:10:24', 1, 0, 0, 0, NULL),
(9, 15, 13, NULL, 'hahah panis ', '2025-11-15 22:10:29', 1, 0, 0, 1, NULL),
(10, 13, 15, NULL, 'papaap kol', '2025-11-15 22:13:18', 1, 0, 0, 0, NULL),
(11, 15, 13, NULL, 'isa pa ', '2025-11-15 22:13:24', 1, 0, 0, 1, NULL),
(13, 15, 13, NULL, 'eqwewqeqwee ', '2025-11-15 22:24:57', 1, 0, 0, 0, NULL),
(14, 15, 13, NULL, 'ewqewqewq', '2025-11-15 22:25:00', 1, 0, 0, 1, NULL),
(15, 13, 15, NULL, 'uploads/6919711e4f7750.13333340.jfif', '2025-11-15 22:37:19', 1, 0, 1, 0, NULL),
(16, 13, 15, NULL, 'uploads/6919713b002a07.20226845.sql', '2025-11-15 22:37:47', 1, 0, 0, 0, NULL),
(17, 13, 15, NULL, 'yow wazzup', '2025-11-15 07:24:50', 1, 0, 0, 0, NULL),
(18, 13, 15, NULL, 'yow wassup', '2025-11-15 07:24:57', 1, 0, 0, 0, NULL),
(19, 13, 15, NULL, 'yow wazzup', '2025-11-15 07:25:08', 1, 0, 0, 0, NULL),
(20, 15, 13, NULL, 'yow nasan kana ', '2025-11-15 07:25:24', 1, 0, 0, 0, NULL),
(21, 15, 13, NULL, 'sasasasaa', '2025-11-15 07:25:35', 1, 0, 0, 0, NULL),
(22, 13, 15, NULL, 'yow', '2025-11-15 07:27:34', 1, 0, 0, 0, NULL),
(23, 15, 13, NULL, 'uploads/69189c734d34e2.47167624.zip', '2025-11-15 07:29:55', 1, 0, 0, 0, NULL),
(24, 15, 13, NULL, 'dqaa', '2025-11-15 07:36:33', 1, 0, 0, 0, NULL),
(25, 15, 13, NULL, 'ewewe', '2025-11-15 08:04:04', 1, 0, 0, 0, NULL),
(26, 15, 7, NULL, 'ewewwe', '2025-11-15 08:04:08', 0, 0, 0, 0, NULL),
(27, 15, 13, NULL, 'ewewew', '2025-11-15 08:04:11', 1, 0, 0, 0, NULL),
(28, 15, 8, NULL, 'ewewew', '2025-11-15 08:04:14', 0, 0, 0, 0, NULL),
(29, 15, 9, NULL, 'ewewewew', '2025-11-15 08:04:17', 0, 0, 0, 0, NULL),
(30, 15, 13, NULL, 'eweweewe', '2025-11-15 08:05:20', 1, 0, 0, 0, NULL),
(31, 13, 15, NULL, 'ewewew', '2025-11-15 08:05:33', 1, 0, 0, 0, NULL),
(32, 13, 7, NULL, 'ewewewe', '2025-11-15 08:05:36', 0, 0, 0, 0, NULL),
(33, 15, 13, NULL, 'ferre', '2025-11-15 08:06:51', 1, 1, 0, 0, NULL),
(35, 17, 16, NULL, 'eee', '2025-11-15 08:12:22', 1, 0, 0, 1, NULL),
(36, 17, 16, NULL, 'ano na atara na ruteana auiahnuab', '2025-11-15 08:14:53', 1, 0, 0, 1, NULL),
(37, 17, 16, NULL, 'uploads/6918a70598c5a9.23442373.jfif', '2025-11-15 08:15:01', 1, 0, 0, 1, NULL),
(38, 16, 17, NULL, 'hahahahaha galing ', '2025-11-15 08:15:26', 1, 0, 1, 0, NULL),
(39, 16, 17, NULL, 'ausdbhosaidhsaodibh', '2025-11-15 08:15:29', 1, 0, 1, 0, NULL),
(40, 16, 17, NULL, 'dsa', '2025-11-15 08:15:29', 1, 0, 1, 0, NULL),
(41, 16, 17, NULL, 'dsa', '2025-11-15 08:15:29', 1, 0, 1, 0, NULL),
(42, 16, 17, NULL, 'dsa', '2025-11-15 08:15:29', 1, 0, 1, 0, NULL),
(43, 16, 17, NULL, 'dsa', '2025-11-15 08:15:30', 1, 0, 1, 0, NULL),
(44, 16, 17, NULL, 'd', '2025-11-15 08:15:30', 1, 0, 1, 0, NULL),
(45, 16, 17, NULL, 'wqeqwewqeqw', '2025-11-15 08:46:49', 1, 0, 1, 0, NULL),
(46, 17, 16, NULL, 'ano na ', '2025-11-15 08:57:00', 1, 1, 0, 1, NULL),
(47, 17, 16, NULL, 'eutan na ', '2025-11-15 08:57:02', 1, 1, 0, 1, NULL),
(48, 17, 16, NULL, 'kakantutin kita ', '2025-11-15 08:57:25', 1, 0, 0, 1, NULL),
(49, 16, 17, NULL, 'uploads/6918b103d50052.41636929.zip', '2025-11-15 08:57:39', 1, 0, 1, 0, NULL),
(50, 16, 17, NULL, 'uploads/6918b10b0b6896.74609713.jfif', '2025-11-15 08:57:47', 1, 0, 1, 0, NULL),
(51, 16, 8, NULL, 'ewsd', '2025-11-16 01:17:18', 0, 0, 0, 0, NULL),
(52, 16, 13, NULL, 'yow wass', '2025-11-16 18:57:00', 1, 0, 0, 1, NULL),
(53, 16, 13, NULL, 'waujbdsaoid', '2025-11-16 18:57:02', 1, 0, 0, 0, NULL),
(55, 13, 16, NULL, 'hello', '2025-11-16 19:30:27', 1, 0, 0, 0, NULL),
(56, 13, 16, NULL, 'tara eutan nan ', '2025-11-16 19:30:31', 1, 0, 0, 0, NULL),
(57, 13, 16, NULL, 'asdsadsadsadsadasda', '2025-11-16 20:41:28', 1, 0, 0, 0, NULL),
(58, 13, 16, NULL, 'sad', '2025-11-16 20:41:28', 1, 0, 0, 0, NULL),
(59, 13, 16, NULL, 'sad', '2025-11-16 20:41:28', 1, 0, 0, 0, NULL),
(60, 13, 16, NULL, 'sad', '2025-11-16 20:41:29', 1, 0, 0, 0, NULL),
(61, 13, 16, NULL, 'sad', '2025-11-16 20:41:29', 1, 0, 0, 0, NULL),
(62, 13, 16, NULL, 'sad', '2025-11-16 20:41:29', 1, 0, 0, 0, NULL),
(63, 13, 16, NULL, 'sad', '2025-11-16 20:41:29', 1, 0, 0, 0, NULL),
(64, 13, 16, NULL, 'a', '2025-11-16 20:41:30', 1, 0, 0, 0, NULL),
(65, 13, 16, NULL, 'DSDSD', '2025-11-16 21:15:16', 1, 0, 0, 0, NULL),
(66, 13, 16, NULL, 'EUTAN NA ', '2025-11-16 21:15:21', 1, 0, 0, 0, NULL),
(67, 18, 13, NULL, 'pare', '2025-11-18 15:17:19', 1, 1, 0, 0, NULL),
(68, 18, 13, NULL, 'pogi mo so much', '2025-11-18 15:17:23', 1, 1, 0, 0, NULL),
(69, 19, 7, NULL, 'hello kupal', '2025-11-18 15:48:09', 0, 0, 0, 0, NULL),
(70, 19, 15, NULL, 'assaas', '2025-11-18 17:51:06', 0, 0, 0, 0, NULL),
(71, 16, 13, NULL, 'SASA', '2025-11-18 19:48:55', 1, 1, 0, 0, NULL),
(72, 16, 13, NULL, 'SAS', '2025-11-18 19:48:56', 1, 1, 0, 0, NULL),
(73, 16, 13, NULL, 'SA', '2025-11-18 19:48:57', 1, 1, 0, 0, NULL),
(74, 16, 13, NULL, 'SA', '2025-11-18 19:48:57', 1, 1, 0, 0, NULL),
(75, 16, 13, NULL, 'A', '2025-11-18 19:48:57', 1, 1, 0, 0, NULL),
(76, 16, 13, NULL, 'A', '2025-11-18 19:48:57', 1, 1, 0, 0, NULL),
(77, 16, 13, NULL, 'A', '2025-11-18 19:48:58', 1, 1, 0, 0, NULL),
(78, 16, 13, NULL, 'AS', '2025-11-18 19:48:58', 1, 1, 0, 1, NULL),
(79, 16, 13, NULL, 'S', '2025-11-18 19:48:58', 1, 1, 0, 0, NULL),
(80, 16, 13, NULL, 'SA', '2025-11-18 19:48:58', 1, 1, 0, 0, NULL),
(81, 16, 13, NULL, 'SA', '2025-11-18 19:48:58', 1, 1, 0, 0, NULL),
(83, 13, 16, NULL, 'uploads/691c5fb33e0146.18953114.jfif', '2025-11-18 19:59:47', 1, 1, 1, 0, NULL),
(86, 16, 13, NULL, 'kantot', '2025-11-18 20:11:51', 1, 0, 0, 0, NULL),
(87, 13, 16, NULL, 'ssasa', '2025-11-18 20:12:36', 1, 0, 0, 0, 75),
(88, 13, 16, NULL, 'eutan ', '2025-11-18 20:12:44', 1, 0, 0, 0, 81),
(89, 13, 16, NULL, 'eutan ', '2025-11-18 20:13:00', 1, 0, 0, 0, 80),
(90, 13, 16, NULL, 'sas', '2025-11-18 20:18:44', 1, 0, 0, 0, 86),
(91, 13, 16, NULL, 'ajdfpwq', '2025-11-18 20:19:13', 1, 0, 0, 0, 86),
(92, 13, 16, NULL, 'SADSAJDNSAODUIHSABODUIBSADUIOBSAUIODBSAIOUDBHSA', '2025-11-18 20:19:18', 1, 0, 0, 0, NULL),
(93, 16, 13, NULL, 'TARA NA ', '2025-11-18 20:19:25', 1, 0, 0, 0, 92),
(94, 13, 16, NULL, 'SASASASAA', '2025-11-18 20:29:12', 1, 0, 0, 0, 93),
(95, 13, 16, NULL, 'SASASA', '2025-11-18 20:29:20', 1, 0, 0, 1, 94),
(96, 13, 16, NULL, 'EUTAN AN', '2025-11-18 20:33:08', 1, 0, 0, 1, 92),
(97, 16, 13, NULL, 'ASASSASSA', '2025-11-18 20:39:21', 1, 0, 0, 0, 94),
(98, 13, 18, NULL, 'SUTAN', '2025-11-18 20:42:55', 0, 0, 0, 0, 67),
(99, 13, 18, NULL, 'SQSQSQ', '2025-11-18 20:43:54', 0, 0, 0, 0, 98),
(100, 13, 18, NULL, 'SQSQQQSQ', '2025-11-18 20:44:04', 0, 0, 0, 0, 68),
(101, 13, 16, NULL, 'HEL;LO GUYS\\', '2025-11-18 21:20:46', 1, 0, 0, 0, NULL),
(102, 16, 13, NULL, 'uploads/691c755f024ca9.33935899.jpg', '2025-11-18 21:32:15', 1, 0, 0, 0, NULL),
(103, 16, 13, NULL, 'uploads/691c75653548a1.82322967.zip', '2025-11-18 21:32:21', 1, 0, 0, 0, NULL),
(104, 13, 16, NULL, 'EUT', '2025-11-18 21:41:52', 1, 0, 0, 1, 102),
(105, 16, 13, NULL, 'uploads/691c878c9f68a7.59860176.jpg', '2025-11-18 22:49:48', 1, 1, 0, 0, NULL),
(106, 16, 13, NULL, 'uploads/691c87925196f9.55908517.zip', '2025-11-18 22:49:54', 1, 1, 0, 0, NULL),
(107, 13, 16, NULL, 'DSA;OIDSAONDAS', '2025-11-18 22:54:00', 1, 0, 0, 0, NULL),
(108, 13, 16, NULL, 'JUSABDOSAUIBDSADB', '2025-11-18 22:54:02', 1, 0, 0, 0, NULL),
(109, 13, 16, NULL, 'JBDSAOIUDBSADOBSA', '2025-11-18 22:54:03', 1, 0, 0, 0, NULL),
(110, 13, 16, NULL, 'SASASASAS', '2025-11-18 22:54:11', 1, 1, 0, 0, NULL),
(111, 13, 16, NULL, 'SASA', '2025-11-18 22:54:11', 1, 1, 0, 0, NULL),
(112, 13, 16, NULL, 'S', '2025-11-18 22:54:11', 1, 1, 0, 0, NULL),
(113, 13, 16, NULL, 'SA', '2025-11-18 22:54:12', 1, 1, 0, 0, NULL),
(114, 13, 16, NULL, 'S', '2025-11-18 22:54:12', 1, 1, 0, 0, NULL),
(115, 13, 16, NULL, 'S', '2025-11-18 22:54:12', 1, 1, 0, 0, NULL),
(116, 13, 16, NULL, 'S', '2025-11-18 22:54:12', 1, 1, 0, 0, NULL),
(117, 13, 16, NULL, 'S', '2025-11-18 22:54:12', 1, 1, 0, 0, NULL),
(118, 13, 16, NULL, 'AS', '2025-11-18 22:54:12', 1, 1, 0, 0, NULL),
(119, 13, 16, NULL, 'AS', '2025-11-18 22:54:12', 1, 1, 0, 0, NULL),
(120, 13, 16, NULL, 'AS', '2025-11-18 22:54:13', 1, 1, 0, 0, NULL),
(121, 13, 16, NULL, 'AS', '2025-11-18 22:54:13', 1, 1, 0, 0, NULL),
(122, 13, 16, NULL, 'A', '2025-11-18 22:54:13', 1, 1, 0, 0, NULL),
(123, 13, 16, NULL, 'SASAASSAS', '2025-11-18 22:55:15', 1, 1, 0, 0, NULL),
(124, 13, 16, NULL, 'SAD', '2025-11-18 22:55:15', 1, 1, 0, 0, NULL),
(125, 13, 16, NULL, 'SAD', '2025-11-18 22:55:15', 1, 1, 0, 0, NULL),
(126, 13, 16, NULL, 'SAD', '2025-11-18 22:55:15', 1, 1, 0, 0, NULL),
(127, 13, 16, NULL, 'SAD', '2025-11-18 22:55:15', 1, 1, 0, 0, NULL),
(128, 13, 16, NULL, 'SAD', '2025-11-18 22:55:15', 1, 1, 0, 0, NULL),
(129, 13, 16, NULL, 'ASD', '2025-11-18 22:55:16', 1, 1, 0, 0, NULL),
(130, 13, 16, NULL, 'SD', '2025-11-18 22:55:16', 1, 1, 0, 0, NULL),
(131, 13, 16, NULL, 'AD', '2025-11-18 22:55:16', 1, 1, 0, 0, NULL),
(132, 13, 16, NULL, 'ASD', '2025-11-18 22:55:16', 1, 1, 0, 0, NULL),
(133, 13, 16, NULL, 'D', '2025-11-18 22:55:16', 1, 1, 0, 0, NULL),
(134, 13, 16, NULL, 'DASDSADSADSAD', '2025-11-18 22:55:41', 1, 1, 0, 0, NULL),
(135, 13, 16, NULL, 'D', '2025-11-18 22:55:41', 1, 1, 0, 0, NULL),
(136, 13, 16, NULL, 'D', '2025-11-18 22:55:41', 1, 1, 0, 0, NULL),
(137, 13, 16, NULL, 'SADSA', '2025-11-18 22:55:41', 1, 1, 0, 0, NULL),
(138, 13, 16, NULL, 'SA', '2025-11-18 22:55:41', 1, 1, 0, 0, NULL),
(139, 13, 16, NULL, 'DAS', '2025-11-18 22:55:41', 1, 1, 0, 0, NULL),
(140, 13, 16, NULL, 'DSA', '2025-11-18 22:55:42', 1, 1, 0, 0, NULL),
(141, 13, 16, NULL, 'SA', '2025-11-18 22:55:42', 1, 1, 0, 0, NULL),
(142, 13, 16, NULL, 'SAD', '2025-11-18 22:55:42', 1, 1, 0, 0, NULL),
(143, 13, 16, NULL, 'SA', '2025-11-18 22:55:42', 1, 1, 0, 0, NULL),
(144, 13, 16, NULL, 'SA', '2025-11-18 22:55:42', 1, 1, 0, 0, NULL),
(145, 13, 16, NULL, 'SA', '2025-11-18 22:55:42', 1, 1, 0, 0, NULL),
(146, 13, 16, NULL, 'SA', '2025-11-18 22:55:43', 1, 1, 0, 0, NULL),
(147, 13, 16, NULL, 'SA', '2025-11-18 22:55:43', 1, 1, 0, 0, NULL),
(148, 13, 16, NULL, 'AS', '2025-11-18 22:55:43', 1, 1, 0, 0, NULL),
(149, 13, 16, NULL, 'SASASASAS', '2025-11-18 22:56:06', 1, 1, 0, 0, NULL),
(150, 13, 16, NULL, 'SASA', '2025-11-18 22:56:07', 1, 1, 0, 0, NULL),
(151, 13, 16, NULL, 'SA', '2025-11-18 22:56:07', 1, 1, 0, 0, NULL),
(152, 13, 16, NULL, 'S', '2025-11-18 22:56:07', 1, 1, 0, 0, NULL),
(153, 13, 16, NULL, 'AS', '2025-11-18 22:56:07', 1, 1, 0, 0, NULL),
(154, 13, 16, NULL, 'S', '2025-11-18 22:56:07', 1, 1, 0, 0, NULL),
(155, 13, 16, NULL, 'S', '2025-11-18 22:56:08', 1, 1, 0, 0, NULL),
(156, 13, 16, NULL, 'SASASA', '2025-11-18 22:56:13', 1, 0, 0, 0, NULL),
(157, 13, 16, NULL, 'SA', '2025-11-18 22:56:13', 1, 0, 0, 0, NULL),
(158, 13, 16, NULL, 'S', '2025-11-18 22:56:13', 1, 0, 0, 0, NULL),
(159, 13, 16, NULL, 'S', '2025-11-18 22:56:13', 1, 0, 0, 0, NULL),
(160, 13, 16, NULL, 'S', '2025-11-18 22:56:13', 1, 0, 0, 0, NULL),
(161, 13, 16, NULL, 'A', '2025-11-18 22:56:14', 1, 0, 0, 0, NULL),
(162, 13, 16, NULL, 'S', '2025-11-18 22:56:14', 1, 0, 0, 0, NULL),
(163, 13, 16, NULL, 'AS', '2025-11-18 22:56:14', 1, 0, 0, 0, NULL),
(164, 13, 16, NULL, 'SASASA', '2025-11-18 22:56:21', 1, 1, 0, 0, NULL),
(165, 13, 16, NULL, 'A', '2025-11-18 22:56:21', 1, 1, 0, 0, NULL),
(166, 13, 16, NULL, 'A', '2025-11-18 22:56:22', 1, 1, 0, 0, NULL),
(167, 13, 16, NULL, 'SAS', '2025-11-18 22:56:22', 1, 1, 0, 0, NULL),
(168, 13, 16, NULL, 'SA', '2025-11-18 22:56:22', 1, 1, 0, 0, NULL),
(169, 13, 16, NULL, 'S', '2025-11-18 22:56:22', 1, 1, 0, 0, NULL),
(170, 16, 13, NULL, 'SASAS', '2025-11-18 22:58:30', 1, 0, 0, 0, 166),
(171, 13, 16, NULL, 'asasasas', '2025-11-18 23:05:32', 1, 0, 0, 0, NULL),
(172, 13, 16, NULL, 'as', '2025-11-18 23:05:33', 1, 0, 0, 0, NULL),
(173, 13, 16, NULL, 's', '2025-11-18 23:05:33', 1, 0, 0, 0, NULL),
(174, 13, 16, NULL, 's', '2025-11-18 23:05:33', 1, 0, 0, 0, NULL),
(175, 13, 16, NULL, 's', '2025-11-18 23:05:33', 1, 0, 0, 0, NULL),
(176, 13, 16, NULL, 's', '2025-11-18 23:05:33', 1, 0, 0, 0, NULL),
(177, 13, 16, NULL, 's', '2025-11-18 23:05:34', 1, 0, 0, 0, NULL),
(178, 13, 16, NULL, 's', '2025-11-18 23:05:34', 1, 0, 0, 0, NULL),
(179, 13, 16, NULL, 's', '2025-11-18 23:05:34', 1, 0, 0, 0, NULL),
(180, 13, 16, NULL, 'a', '2025-11-18 23:05:34', 1, 0, 0, 0, NULL),
(181, 13, 16, NULL, 'as', '2025-11-18 23:05:34', 1, 0, 0, 0, NULL),
(182, 13, 16, NULL, 'sas', '2025-11-18 23:06:05', 1, 0, 0, 0, NULL),
(183, 13, 16, NULL, 'as', '2025-11-18 23:06:05', 1, 0, 0, 0, NULL),
(184, 13, 16, NULL, 'asas', '2025-11-18 23:06:05', 1, 0, 0, 0, NULL),
(185, 13, 16, NULL, 'a', '2025-11-18 23:06:05', 1, 0, 0, 0, NULL),
(186, 13, 16, NULL, 'a', '2025-11-18 23:06:05', 1, 0, 0, 0, NULL),
(187, 13, 16, NULL, 'asa', '2025-11-18 23:06:06', 1, 0, 0, 0, NULL),
(188, 13, 16, NULL, 's', '2025-11-18 23:06:06', 1, 0, 0, 0, NULL),
(189, 13, 16, NULL, 's', '2025-11-18 23:06:06', 1, 0, 0, 0, NULL),
(190, 13, 16, NULL, 's', '2025-11-18 23:06:06', 1, 0, 0, 0, NULL),
(191, 13, 16, NULL, 'as', '2025-11-18 23:06:06', 1, 0, 0, 0, NULL),
(192, 13, 16, NULL, 'as', '2025-11-18 23:06:06', 1, 0, 0, 0, NULL),
(193, 13, 16, NULL, 'a', '2025-11-18 23:06:07', 1, 0, 0, 0, NULL),
(194, 13, 16, NULL, 's', '2025-11-18 23:06:07', 1, 0, 0, 0, NULL),
(195, 13, 16, NULL, 'as', '2025-11-18 23:06:07', 1, 0, 0, 0, NULL),
(196, 13, 16, NULL, 'as', '2025-11-18 23:06:07', 1, 0, 0, 0, NULL),
(197, 13, 16, NULL, 's', '2025-11-18 23:06:07', 1, 0, 0, 0, NULL),
(198, 13, 16, NULL, 'sas', '2025-11-18 23:06:49', 1, 1, 0, 0, NULL),
(199, 13, 16, NULL, 'a', '2025-11-18 23:06:49', 1, 1, 0, 0, NULL),
(200, 13, 16, NULL, 'a', '2025-11-18 23:06:50', 1, 1, 0, 0, NULL),
(201, 13, 16, NULL, 'as', '2025-11-18 23:06:50', 1, 1, 0, 0, NULL),
(202, 13, 16, NULL, 'a', '2025-11-18 23:06:50', 1, 1, 0, 0, NULL),
(203, 13, 16, NULL, 'sa', '2025-11-18 23:06:50', 1, 1, 0, 0, NULL),
(204, 13, 16, NULL, 'sa', '2025-11-18 23:06:50', 1, 1, 0, 0, NULL),
(205, 13, 16, NULL, 's', '2025-11-18 23:06:50', 1, 1, 0, 0, NULL),
(206, 13, 16, NULL, 'sas', '2025-11-18 23:06:51', 1, 1, 0, 0, NULL),
(207, 13, 16, NULL, 'as', '2025-11-18 23:06:51', 1, 1, 0, 0, NULL),
(208, 13, 16, NULL, 'a', '2025-11-18 23:06:51', 1, 1, 0, 0, NULL),
(209, 13, 16, NULL, 's', '2025-11-18 23:06:51', 1, 1, 0, 0, NULL),
(210, 13, 16, NULL, 'as', '2025-11-18 23:06:51', 1, 1, 0, 0, NULL),
(211, 13, 16, NULL, 'a', '2025-11-18 23:06:51', 1, 1, 0, 0, NULL),
(212, 13, 16, NULL, 'sasasasas', '2025-11-18 23:31:24', 1, 0, 0, 0, NULL),
(213, 13, 16, NULL, 'asa', '2025-11-18 23:31:25', 1, 0, 0, 0, NULL),
(214, 13, 16, NULL, 'a', '2025-11-18 23:31:25', 1, 0, 0, 0, NULL),
(215, 13, 16, NULL, 'a', '2025-11-18 23:31:25', 1, 0, 0, 0, NULL),
(216, 13, 16, NULL, 'a', '2025-11-18 23:31:25', 1, 0, 0, 0, NULL),
(217, 13, 16, NULL, 'a', '2025-11-18 23:31:25', 1, 0, 0, 0, NULL),
(218, 13, 16, NULL, 's', '2025-11-18 23:31:25', 1, 0, 0, 0, NULL),
(219, 13, 16, NULL, 'sasasa', '2025-11-18 23:37:54', 1, 0, 0, 0, NULL),
(220, 13, 16, NULL, 'a', '2025-11-18 23:37:54', 1, 0, 0, 0, NULL),
(221, 13, 16, NULL, 'a', '2025-11-18 23:37:54', 1, 0, 0, 0, NULL),
(222, 13, 16, NULL, 'a', '2025-11-18 23:37:55', 1, 0, 0, 0, NULL),
(223, 13, 16, NULL, 'a', '2025-11-18 23:37:55', 1, 0, 0, 0, NULL),
(224, 13, 16, NULL, 'sa', '2025-11-18 23:37:55', 1, 0, 0, 0, NULL),
(225, 13, 16, NULL, 'sa', '2025-11-18 23:37:55', 1, 0, 0, 0, NULL),
(226, 13, 16, NULL, 'sa', '2025-11-18 23:37:55', 1, 0, 0, 0, NULL),
(228, 13, 16, NULL, 's', '2025-11-18 23:37:55', 1, 0, 0, 0, NULL),
(229, 13, 16, NULL, 'sasas', '2025-11-18 23:39:07', 1, 1, 0, 0, NULL),
(230, 13, 16, NULL, 's', '2025-11-18 23:39:08', 1, 1, 0, 0, NULL),
(231, 13, 16, NULL, 'as', '2025-11-18 23:39:08', 1, 1, 0, 0, NULL),
(232, 13, 16, NULL, 'as', '2025-11-18 23:39:08', 1, 1, 0, 0, NULL),
(233, 13, 16, NULL, 'as', '2025-11-18 23:39:08', 1, 1, 0, 0, NULL),
(234, 13, 16, NULL, 'as', '2025-11-18 23:39:08', 1, 1, 0, 0, NULL),
(235, 13, 16, NULL, 'a', '2025-11-18 23:39:08', 1, 1, 0, 0, NULL),
(236, 13, 16, NULL, 's', '2025-11-18 23:39:08', 1, 1, 0, 0, NULL),
(237, 13, 16, NULL, 's', '2025-11-18 23:39:09', 1, 1, 0, 0, NULL),
(238, 13, 16, NULL, 'as', '2025-11-18 23:39:09', 1, 1, 0, 0, NULL),
(239, 16, 13, NULL, 'ass', '2025-11-18 23:45:26', 1, 1, 0, 0, NULL),
(240, 16, 13, NULL, 's', '2025-11-18 23:45:26', 1, 1, 0, 0, NULL),
(241, 16, 13, NULL, 'sa', '2025-11-18 23:45:26', 1, 1, 0, 0, NULL),
(242, 16, 13, NULL, 'sa', '2025-11-18 23:45:26', 1, 1, 0, 0, NULL),
(243, 16, 13, NULL, 'sa', '2025-11-18 23:45:26', 1, 1, 0, 0, NULL),
(244, 16, 13, NULL, 's', '2025-11-18 23:45:27', 1, 1, 0, 0, NULL),
(245, 16, 13, NULL, 'as', '2025-11-18 23:45:27', 1, 1, 0, 0, NULL),
(246, 16, 13, NULL, 'sasasas', '2025-11-18 23:45:55', 1, 1, 0, 0, NULL),
(247, 16, 13, NULL, 'a', '2025-11-18 23:45:55', 1, 1, 0, 0, NULL),
(248, 16, 13, NULL, 'a', '2025-11-18 23:45:55', 1, 1, 0, 0, NULL),
(249, 16, 13, NULL, 'a', '2025-11-18 23:45:55', 1, 1, 0, 0, NULL),
(250, 16, 13, NULL, 's', '2025-11-18 23:45:56', 1, 1, 0, 0, NULL),
(251, 16, 13, NULL, 'as', '2025-11-18 23:45:56', 1, 1, 0, 0, NULL),
(252, 16, 13, NULL, 'as', '2025-11-18 23:45:56', 1, 1, 0, 0, NULL),
(253, 16, 13, NULL, 'sa', '2025-11-18 23:45:56', 1, 1, 0, 0, NULL),
(254, 16, 13, NULL, 's', '2025-11-18 23:45:56', 1, 1, 0, 0, NULL),
(255, 16, 13, NULL, 'a', '2025-11-18 23:45:56', 1, 1, 0, 0, NULL),
(256, 16, 13, NULL, 'a', '2025-11-18 23:45:57', 1, 1, 0, 0, NULL),
(257, 16, 13, NULL, 'as', '2025-11-18 23:45:57', 1, 1, 0, 0, NULL),
(258, 16, 13, NULL, 'SASAS', '2025-11-18 23:46:59', 1, 1, 0, 0, NULL),
(259, 16, 13, NULL, 'AS', '2025-11-18 23:47:00', 1, 1, 0, 0, NULL),
(260, 16, 13, NULL, 'S', '2025-11-18 23:47:00', 1, 1, 0, 0, NULL),
(261, 16, 13, NULL, 'SA', '2025-11-18 23:47:00', 1, 1, 0, 0, NULL),
(262, 16, 13, NULL, 'A', '2025-11-18 23:47:00', 1, 1, 0, 0, NULL),
(263, 16, 13, NULL, 'A', '2025-11-18 23:47:00', 1, 1, 0, 0, NULL),
(264, 16, 13, NULL, 'SA', '2025-11-18 23:47:01', 1, 1, 0, 0, NULL),
(265, 13, 16, NULL, 'SA', '2025-11-18 23:54:55', 1, 1, 0, 0, NULL),
(266, 13, 16, NULL, 'S', '2025-11-18 23:54:55', 1, 1, 0, 0, NULL),
(267, 13, 16, NULL, 'S', '2025-11-18 23:54:55', 1, 1, 0, 0, NULL),
(268, 13, 16, NULL, 'S', '2025-11-18 23:54:55', 1, 1, 0, 0, NULL),
(269, 13, 16, NULL, 'S', '2025-11-18 23:54:56', 1, 1, 0, 0, NULL),
(270, 13, 16, NULL, 'S', '2025-11-18 23:54:56', 1, 1, 0, 0, NULL),
(271, 13, 16, NULL, 'AS', '2025-11-18 23:54:56', 1, 1, 0, 0, NULL),
(272, 13, 16, NULL, 'A', '2025-11-18 23:54:56', 1, 1, 0, 0, NULL),
(273, 13, 16, NULL, 'SAASAS', '2025-11-18 23:55:15', 1, 0, 0, 0, NULL),
(274, 13, 16, NULL, 'AS', '2025-11-18 23:55:15', 1, 0, 0, 0, NULL),
(275, 13, 16, NULL, 'ASAS', '2025-11-18 23:55:15', 1, 0, 0, 0, NULL),
(276, 13, 16, NULL, 'AS', '2025-11-18 23:55:16', 1, 0, 0, 0, NULL),
(277, 13, 16, NULL, 'SA', '2025-11-18 23:55:16', 1, 0, 0, 0, NULL),
(278, 13, 16, NULL, 'SA', '2025-11-18 23:55:16', 1, 0, 0, 0, NULL),
(279, 13, 16, NULL, 'SA', '2025-11-18 23:55:16', 1, 0, 0, 0, NULL),
(280, 13, 16, NULL, 'SA', '2025-11-18 23:55:16', 1, 0, 0, 0, NULL),
(281, 13, 16, NULL, 'SA', '2025-11-18 23:55:16', 1, 0, 0, 0, NULL),
(282, 13, 16, NULL, 'SA', '2025-11-18 23:55:17', 1, 0, 0, 0, NULL),
(283, 13, 16, NULL, 'SASASA', '2025-11-18 23:55:24', 1, 0, 0, 0, NULL),
(284, 13, 16, NULL, 'S', '2025-11-18 23:55:24', 1, 0, 0, 0, NULL),
(285, 13, 16, NULL, 'S', '2025-11-18 23:55:24', 1, 0, 0, 0, NULL),
(286, 13, 16, NULL, 'S', '2025-11-18 23:55:25', 1, 0, 0, 0, NULL),
(287, 13, 16, NULL, 'AS', '2025-11-18 23:55:25', 1, 0, 0, 1, NULL),
(288, 13, 16, NULL, 'AS', '2025-11-18 23:55:25', 1, 0, 0, 0, NULL),
(289, 13, 16, NULL, 'SA', '2025-11-18 23:55:25', 1, 0, 0, 0, NULL),
(290, 16, 13, NULL, 'SASASASA', '2025-11-19 00:02:07', 1, 0, 0, 0, NULL),
(291, 16, 13, NULL, 'S', '2025-11-19 00:02:07', 1, 0, 0, 0, NULL),
(292, 16, 13, NULL, 'AS', '2025-11-19 00:02:07', 1, 0, 0, 0, NULL),
(293, 16, 13, NULL, 'A', '2025-11-19 00:02:07', 1, 0, 0, 0, NULL),
(294, 16, 13, NULL, 'A', '2025-11-19 00:02:08', 1, 0, 0, 0, NULL),
(295, 16, 13, NULL, 'SA', '2025-11-19 00:02:08', 1, 0, 0, 0, NULL),
(296, 16, 13, NULL, 'SA', '2025-11-19 00:02:08', 1, 0, 0, 0, NULL),
(297, 16, 13, NULL, 'S', '2025-11-19 00:02:08', 1, 0, 0, 0, NULL),
(298, 13, 16, NULL, 'SASASA', '2025-11-19 00:02:34', 1, 0, 0, 0, NULL),
(299, 13, 16, NULL, 'SAS', '2025-11-19 00:02:35', 1, 0, 0, 0, NULL),
(300, 13, 16, NULL, 'A', '2025-11-19 00:02:35', 1, 0, 0, 0, NULL),
(301, 13, 16, NULL, 'A', '2025-11-19 00:02:35', 1, 0, 0, 0, NULL),
(302, 13, 16, NULL, 'SS', '2025-11-19 00:02:35', 1, 0, 0, 0, NULL),
(303, 16, 13, NULL, 'SASAS', '2025-11-19 00:26:12', 1, 1, 0, 0, NULL),
(304, 16, 13, NULL, 'A', '2025-11-19 00:26:12', 1, 1, 0, 0, NULL),
(305, 16, 13, NULL, 'A', '2025-11-19 00:26:12', 1, 1, 0, 0, NULL),
(306, 16, 13, NULL, 'A', '2025-11-19 00:26:13', 1, 1, 0, 0, NULL),
(307, 16, 13, NULL, 'A', '2025-11-19 00:26:13', 1, 1, 0, 0, NULL),
(308, 16, 13, NULL, 'AS', '2025-11-19 00:26:13', 1, 1, 0, 0, NULL),
(309, 16, 13, NULL, 'ASA', '2025-11-19 00:26:13', 1, 1, 0, 0, NULL),
(310, 16, 13, NULL, 'SAS', '2025-11-19 00:26:14', 1, 1, 0, 0, NULL),
(311, 16, 13, NULL, 'A', '2025-11-19 00:26:14', 1, 1, 0, 0, NULL),
(312, 16, 13, NULL, 'A', '2025-11-19 00:26:14', 1, 1, 0, 0, NULL),
(313, 16, 13, NULL, 'SAS', '2025-11-19 00:30:16', 1, 1, 0, 0, NULL),
(314, 16, 13, NULL, 'S', '2025-11-19 00:30:17', 1, 1, 0, 0, NULL),
(315, 16, 13, NULL, 'S', '2025-11-19 00:30:17', 1, 1, 0, 0, NULL),
(316, 16, 13, NULL, 'S', '2025-11-19 00:30:17', 1, 1, 0, 0, NULL),
(317, 16, 13, NULL, 'S', '2025-11-19 00:30:17', 1, 1, 0, 0, NULL),
(318, 16, 13, NULL, 'A', '2025-11-19 00:30:17', 1, 1, 0, 0, NULL),
(319, 16, 13, NULL, 'S', '2025-11-19 00:30:17', 1, 1, 0, 0, NULL),
(320, 16, 13, NULL, 'S', '2025-11-19 00:30:18', 1, 1, 0, 0, NULL),
(321, 16, 13, NULL, 'AS', '2025-11-19 00:30:18', 1, 1, 0, 0, NULL),
(322, 16, 13, NULL, 'A', '2025-11-19 00:30:18', 1, 1, 0, 0, NULL),
(323, 16, 13, NULL, 'SSASAS', '2025-11-19 00:30:58', 1, 1, 0, 0, NULL),
(324, 16, 13, NULL, 'A', '2025-11-19 00:30:58', 1, 1, 0, 0, NULL),
(325, 16, 13, NULL, 'SA', '2025-11-19 00:30:58', 1, 1, 0, 0, NULL),
(326, 16, 13, NULL, 'SASA', '2025-11-19 00:30:59', 1, 1, 0, 0, NULL),
(327, 16, 13, NULL, 'SA', '2025-11-19 00:30:59', 1, 1, 0, 0, NULL),
(328, 16, 13, NULL, 'S', '2025-11-19 00:30:59', 1, 1, 0, 0, NULL),
(329, 16, 13, NULL, 'S', '2025-11-19 00:30:59', 1, 1, 0, 0, NULL),
(330, 16, 13, NULL, 'S', '2025-11-19 00:30:59', 1, 1, 0, 0, NULL),
(331, 16, 13, NULL, 'S', '2025-11-19 00:30:59', 1, 1, 0, 0, NULL),
(332, 16, 13, NULL, 'SA.', '2025-11-19 00:34:49', 1, 1, 0, 0, NULL),
(333, 16, 13, NULL, 'AS', '2025-11-19 00:34:49', 1, 1, 0, 0, NULL),
(334, 16, 13, NULL, 'ASA', '2025-11-19 00:34:49', 1, 1, 0, 0, NULL),
(335, 16, 13, NULL, 'S', '2025-11-19 00:34:49', 1, 1, 0, 0, NULL),
(336, 16, 13, NULL, 'AS', '2025-11-19 00:34:49', 1, 1, 0, 0, NULL),
(337, 16, 13, NULL, 'AS', '2025-11-19 00:34:50', 1, 1, 0, 0, NULL),
(338, 16, 13, NULL, 'AS', '2025-11-19 00:34:50', 1, 1, 0, 0, NULL),
(339, 16, 13, NULL, 'A', '2025-11-19 00:34:50', 1, 1, 0, 0, NULL),
(340, 16, 13, NULL, 'SASAS', '2025-11-19 00:35:44', 1, 1, 0, 0, NULL),
(341, 16, 13, NULL, 'AS', '2025-11-19 00:35:44', 1, 1, 0, 0, NULL),
(342, 16, 13, NULL, 'S', '2025-11-19 00:35:44', 1, 1, 0, 0, NULL),
(343, 16, 13, NULL, 'S', '2025-11-19 00:35:44', 1, 1, 0, 0, NULL),
(344, 16, 13, NULL, 'SA', '2025-11-19 00:35:45', 1, 1, 0, 0, NULL),
(345, 16, 13, NULL, 'HELLO TEST', '2025-11-19 00:36:27', 1, 1, 0, 0, NULL),
(346, 16, 13, NULL, 'SAS', '2025-11-19 00:47:06', 1, 1, 0, 0, NULL),
(347, 16, 13, NULL, 'AS', '2025-11-19 00:47:06', 1, 1, 0, 0, NULL),
(348, 16, 13, NULL, 'ASS', '2025-11-19 00:47:07', 1, 1, 0, 0, NULL),
(349, 16, 13, NULL, 'S', '2025-11-19 00:47:07', 1, 1, 0, 0, NULL),
(350, 16, 13, NULL, 'S', '2025-11-19 00:47:07', 1, 1, 0, 0, NULL),
(351, 16, 13, NULL, 'A', '2025-11-19 00:47:07', 1, 1, 0, 0, NULL),
(352, 16, 13, NULL, 'A', '2025-11-19 00:47:07', 1, 1, 0, 0, NULL),
(353, 16, 13, NULL, 'SA', '2025-11-19 00:47:07', 1, 1, 0, 0, NULL),
(354, 16, 13, NULL, 'SA', '2025-11-19 00:47:08', 1, 1, 0, 0, NULL),
(355, 16, 13, NULL, 'ASAS', '2025-11-19 00:47:41', 1, 1, 0, 0, NULL),
(356, 16, 13, NULL, 'AS', '2025-11-19 00:47:41', 1, 1, 0, 0, NULL),
(357, 16, 13, NULL, 'A', '2025-11-19 00:47:42', 1, 1, 0, 0, NULL),
(358, 16, 13, NULL, 'A', '2025-11-19 00:47:42', 1, 1, 0, 0, NULL),
(359, 16, 13, NULL, 'A', '2025-11-19 00:47:42', 1, 1, 0, 0, NULL),
(360, 16, 13, NULL, 'AS', '2025-11-19 00:47:42', 1, 1, 0, 0, NULL),
(361, 16, 13, NULL, 'S', '2025-11-19 00:47:42', 1, 1, 0, 0, NULL),
(362, 16, 13, NULL, 'ASAS', '2025-11-19 00:48:04', 1, 1, 0, 0, NULL),
(363, 16, 13, NULL, 'SA', '2025-11-19 00:48:04', 1, 1, 0, 0, NULL),
(364, 16, 13, NULL, 'SA', '2025-11-19 00:48:04', 1, 1, 0, 0, NULL),
(365, 16, 13, NULL, 'AS', '2025-11-19 00:48:04', 1, 1, 0, 0, NULL),
(366, 16, 13, NULL, 'SA', '2025-11-19 00:48:05', 1, 1, 0, 0, NULL),
(367, 16, 13, NULL, 'AS', '2025-11-19 00:48:05', 1, 1, 0, 0, NULL),
(368, 16, 13, NULL, 'S', '2025-11-19 00:48:05', 1, 1, 0, 0, NULL),
(369, 13, 16, NULL, 'SASASA', '2025-11-19 00:49:04', 1, 1, 0, 0, NULL),
(370, 13, 16, NULL, 'S', '2025-11-19 00:49:04', 1, 1, 0, 0, NULL),
(371, 13, 16, NULL, 'S', '2025-11-19 00:49:04', 1, 1, 0, 0, NULL),
(372, 13, 16, NULL, 'S', '2025-11-19 00:49:04', 1, 1, 0, 0, NULL),
(373, 13, 16, NULL, 'SAS', '2025-11-19 00:49:18', 1, 0, 0, 0, NULL),
(374, 13, 16, NULL, 'A', '2025-11-19 00:49:18', 1, 0, 0, 0, NULL),
(375, 13, 16, NULL, 'A', '2025-11-19 00:49:18', 1, 0, 0, 0, NULL),
(376, 13, 16, NULL, 'SA', '2025-11-19 00:49:18', 1, 0, 0, 0, NULL),
(377, 13, 16, NULL, 'AS', '2025-11-19 00:49:18', 1, 0, 0, 0, NULL),
(378, 13, 16, NULL, 'SA', '2025-11-19 00:49:19', 1, 0, 0, 0, NULL),
(379, 13, 16, NULL, 'S', '2025-11-19 00:49:19', 1, 0, 0, 0, NULL),
(380, 13, 16, NULL, 'AS', '2025-11-19 00:49:19', 1, 0, 0, 0, NULL),
(381, 13, 16, NULL, 'A', '2025-11-19 00:49:19', 1, 0, 0, 0, NULL),
(382, 13, 16, NULL, 'SA', '2025-11-19 00:49:20', 1, 0, 0, 0, NULL),
(383, 13, 16, NULL, 'SA', '2025-11-19 00:49:20', 1, 0, 0, 0, NULL),
(384, 13, 16, NULL, 'SAS', '2025-11-19 00:49:20', 1, 0, 0, 0, NULL),
(385, 13, 16, NULL, 'ASA', '2025-11-19 00:49:21', 1, 0, 0, 0, NULL),
(386, 13, 16, NULL, 'A', '2025-11-19 00:49:21', 1, 0, 0, 0, NULL),
(387, 16, 13, NULL, 'SASA', '2025-11-19 00:49:59', 1, 0, 0, 0, NULL),
(388, 16, 13, NULL, 'AS', '2025-11-19 00:49:59', 1, 0, 0, 0, NULL),
(389, 16, 13, NULL, 'ASA', '2025-11-19 00:49:59', 1, 0, 0, 0, NULL),
(390, 16, 13, NULL, 'ASA', '2025-11-19 00:49:59', 1, 0, 0, 0, NULL),
(391, 16, 13, NULL, 'ASAS', '2025-11-19 00:50:00', 1, 0, 0, 0, NULL),
(392, 16, 13, NULL, 'ASASAS', '2025-11-19 00:50:00', 1, 0, 0, 0, NULL),
(393, 16, 13, NULL, 'S', '2025-11-19 00:50:00', 1, 0, 0, 0, NULL),
(394, 16, 13, NULL, 'SAS', '2025-11-19 00:50:00', 1, 0, 0, 0, NULL),
(395, 16, 13, NULL, 'AS', '2025-11-19 00:50:00', 1, 0, 0, 0, NULL),
(396, 16, 13, NULL, 'ASAS', '2025-11-19 00:50:01', 1, 0, 0, 0, NULL),
(397, 16, 13, NULL, 'S', '2025-11-19 00:50:01', 1, 0, 0, 0, NULL),
(398, 16, 13, NULL, 'SAS', '2025-11-19 00:50:01', 1, 0, 0, 0, NULL),
(399, 13, 16, NULL, 'SAS', '2025-11-19 00:50:12', 1, 1, 0, 0, NULL),
(400, 13, 16, NULL, 'S', '2025-11-19 00:50:12', 1, 1, 0, 0, NULL),
(401, 13, 16, NULL, 'S', '2025-11-19 00:50:13', 1, 1, 0, 0, NULL),
(402, 13, 16, NULL, 'S', '2025-11-19 00:50:13', 1, 1, 0, 0, NULL),
(403, 13, 16, NULL, 'SAS', '2025-11-19 00:50:13', 1, 1, 0, 0, NULL),
(404, 13, 16, NULL, 'AS', '2025-11-19 00:50:13', 1, 1, 0, 0, NULL),
(405, 13, 16, NULL, 'S', '2025-11-19 00:50:13', 1, 1, 0, 0, NULL),
(406, 13, 16, NULL, 'S', '2025-11-19 00:50:13', 1, 1, 0, 0, NULL),
(407, 13, 16, NULL, 'S', '2025-11-19 00:50:14', 1, 1, 0, 0, NULL),
(408, 13, 16, NULL, 'A', '2025-11-19 00:50:14', 1, 1, 0, 0, NULL),
(409, 13, 16, NULL, 'SA', '2025-11-19 00:57:01', 1, 1, 0, 0, NULL),
(410, 13, 16, NULL, 'SA', '2025-11-19 00:57:01', 1, 1, 0, 0, NULL),
(411, 13, 16, NULL, 'SA', '2025-11-19 00:57:01', 1, 1, 0, 0, NULL),
(412, 13, 16, NULL, 'A', '2025-11-19 00:57:01', 1, 1, 0, 0, NULL),
(413, 13, 16, NULL, 'S', '2025-11-19 00:57:01', 1, 1, 0, 0, NULL),
(414, 13, 16, NULL, 'A', '2025-11-19 00:57:02', 1, 1, 0, 0, NULL),
(415, 13, 16, NULL, 'S', '2025-11-19 00:57:02', 1, 1, 0, 0, NULL),
(416, 13, 16, NULL, 'SA', '2025-11-19 00:57:07', 1, 1, 0, 0, NULL),
(417, 13, 16, NULL, 'S', '2025-11-19 00:57:07', 1, 1, 0, 0, NULL),
(418, 13, 16, NULL, 'S', '2025-11-19 00:57:07', 1, 1, 0, 0, NULL),
(420, 13, 16, NULL, 'AS', '2025-11-19 00:57:08', 1, 1, 0, 0, NULL),
(421, 13, 16, NULL, 'S', '2025-11-19 00:57:08', 1, 1, 0, 0, NULL),
(422, 13, 16, NULL, 'S', '2025-11-19 00:57:08', 1, 1, 0, 0, NULL),
(423, 13, 16, NULL, 'SAS', '2025-11-19 00:57:08', 1, 1, 0, 0, NULL),
(424, 13, 16, NULL, 'S', '2025-11-19 01:07:01', 1, 1, 0, 0, NULL),
(425, 13, 16, NULL, 'AS', '2025-11-19 01:07:01', 1, 1, 0, 0, NULL),
(426, 13, 16, NULL, 'S', '2025-11-19 01:07:01', 1, 1, 0, 0, NULL),
(427, 13, 16, NULL, 'SA', '2025-11-19 01:07:01', 1, 1, 0, 0, NULL),
(428, 13, 16, NULL, 'AS', '2025-11-19 01:07:02', 1, 1, 0, 0, NULL),
(429, 13, 16, NULL, 'S', '2025-11-19 01:07:02', 1, 1, 0, 0, NULL),
(430, 13, 16, NULL, 'S', '2025-11-19 01:07:02', 1, 1, 0, 0, NULL),
(431, 13, 16, NULL, 'S', '2025-11-19 01:07:02', 1, 1, 0, 0, NULL),
(432, 13, 16, NULL, 'SAS', '2025-11-19 01:07:03', 1, 1, 0, 0, NULL),
(433, 13, 16, NULL, 'SASAS', '2025-11-19 01:07:03', 1, 1, 0, 0, NULL),
(434, 13, 16, NULL, 'SASASA', '2025-11-19 01:07:03', 1, 1, 0, 0, NULL),
(435, 13, 16, NULL, 'A', '2025-11-19 01:07:03', 1, 1, 0, 0, NULL),
(436, 13, 16, NULL, 'S', '2025-11-19 01:07:03', 1, 1, 0, 0, NULL),
(437, 13, 16, NULL, 'A', '2025-11-19 01:07:04', 1, 1, 0, 0, NULL),
(438, 13, 16, NULL, 'S', '2025-11-19 01:07:04', 1, 1, 0, 0, NULL),
(439, 13, 16, NULL, 'A', '2025-11-19 01:07:04', 1, 1, 0, 0, NULL),
(440, 13, 16, NULL, 'SASASAS', '2025-11-19 01:07:06', 1, 1, 0, 0, NULL),
(441, 13, 16, NULL, 'AS', '2025-11-19 01:07:06', 1, 1, 0, 0, NULL),
(442, 13, 16, NULL, 'SASA', '2025-11-19 01:07:07', 1, 1, 0, 0, NULL),
(443, 13, 16, NULL, 's', '2025-11-19 01:19:37', 1, 1, 0, 0, NULL),
(444, 13, 16, NULL, 's', '2025-11-19 01:19:37', 1, 1, 0, 0, NULL),
(445, 13, 16, NULL, 's', '2025-11-19 01:19:38', 1, 1, 0, 0, NULL),
(446, 13, 16, NULL, 'sas', '2025-11-19 01:19:38', 1, 1, 0, 0, NULL),
(447, 13, 16, NULL, 'sa', '2025-11-19 01:19:38', 1, 1, 0, 0, NULL),
(448, 13, 16, NULL, 'as', '2025-11-19 01:19:38', 1, 1, 0, 0, NULL),
(449, 13, 16, NULL, 'as', '2025-11-19 01:19:39', 1, 1, 0, 0, NULL),
(450, 13, 16, NULL, 'asa', '2025-11-19 01:19:39', 1, 1, 0, 0, NULL),
(451, 13, 16, NULL, 'sa', '2025-11-19 01:19:39', 1, 1, 0, 0, NULL),
(452, 13, 16, NULL, 's', '2025-11-19 01:19:40', 1, 1, 0, 0, NULL),
(453, 13, 16, NULL, 'asa', '2025-11-19 01:19:40', 1, 1, 0, 0, NULL),
(454, 13, 16, NULL, 'sasas', '2025-11-19 01:28:20', 1, 1, 0, 0, NULL),
(455, 13, 16, NULL, 'a', '2025-11-19 01:28:20', 1, 1, 0, 0, NULL),
(456, 13, 16, NULL, 's', '2025-11-19 01:28:20', 1, 1, 0, 0, NULL),
(457, 13, 16, NULL, 'as', '2025-11-19 01:28:20', 1, 1, 0, 0, NULL),
(458, 13, 16, NULL, 's', '2025-11-19 01:28:21', 1, 1, 0, 0, NULL),
(459, 13, 16, NULL, 'sasasas', '2025-11-19 01:28:22', 1, 1, 0, 0, NULL),
(460, 13, 16, NULL, 'sas', '2025-11-19 01:28:30', 1, 1, 0, 0, NULL),
(461, 13, 16, NULL, 'as', '2025-11-19 01:28:30', 1, 1, 0, 0, NULL),
(462, 13, 16, NULL, 's', '2025-11-19 01:28:30', 1, 1, 0, 0, NULL),
(463, 13, 16, NULL, 'sas', '2025-11-19 01:28:30', 1, 1, 0, 0, NULL),
(464, 13, 16, NULL, 'jhsavshhsav', '2025-11-19 01:28:42', 1, 1, 0, 0, NULL),
(465, 13, 16, NULL, 'snasbaiusbaisb', '2025-11-19 01:28:44', 1, 1, 0, 0, NULL),
(466, 13, 16, NULL, 'asniosbaisj', '2025-11-19 01:28:45', 1, 1, 0, 0, NULL),
(467, 16, 13, NULL, 'sasasas', '2025-11-19 01:29:07', 1, 1, 0, 0, NULL),
(468, 16, 13, NULL, 'asas', '2025-11-19 01:29:08', 1, 1, 0, 0, NULL),
(469, 16, 13, NULL, 'asas', '2025-11-19 01:29:08', 1, 1, 0, 0, NULL),
(470, 16, 13, NULL, 'as', '2025-11-19 01:29:08', 1, 1, 0, 0, NULL),
(471, 16, 13, NULL, 's', '2025-11-19 01:29:08', 1, 1, 0, 0, NULL),
(472, 16, 13, NULL, 'a', '2025-11-19 01:29:09', 1, 1, 0, 0, NULL),
(473, 16, 13, NULL, 'asa', '2025-11-19 01:29:09', 1, 1, 0, 0, NULL),
(474, 16, 13, NULL, 'asa', '2025-11-19 01:29:09', 1, 1, 0, 0, NULL),
(475, 16, 13, NULL, 'sas', '2025-11-19 01:29:10', 1, 1, 0, 0, NULL),
(476, 16, 13, NULL, 'asas', '2025-11-19 01:29:24', 1, 1, 0, 0, NULL),
(477, 16, 13, NULL, 'as', '2025-11-19 01:29:24', 1, 1, 0, 0, NULL),
(478, 16, 13, NULL, 'a', '2025-11-19 01:29:24', 1, 1, 0, 0, NULL),
(479, 16, 13, NULL, 'sa', '2025-11-19 01:29:25', 1, 1, 0, 0, NULL),
(480, 16, 13, NULL, 'sasasas', '2025-11-19 01:29:40', 1, 0, 0, 0, NULL),
(481, 16, 13, NULL, 'as', '2025-11-19 01:29:40', 1, 0, 0, 0, NULL),
(482, 16, 13, NULL, 's', '2025-11-19 01:29:41', 1, 0, 0, 0, NULL),
(483, 16, 13, NULL, 'as', '2025-11-19 01:29:41', 1, 0, 0, 0, NULL),
(484, 16, 13, NULL, 'asasapiosjaioshnjsapinsa', '2025-11-19 01:29:49', 1, 0, 0, 0, NULL),
(485, 16, 13, NULL, 'ajobsioausbiuobbsioa', '2025-11-19 01:29:50', 1, 0, 0, 0, NULL),
(486, 16, 13, NULL, 'sasjabsiajsb\\', '2025-11-19 01:30:02', 1, 0, 0, 0, NULL),
(487, 16, 13, NULL, 'ajbsjba', '2025-11-19 01:30:03', 1, 0, 0, 0, NULL),
(488, 16, 13, NULL, 'sasjabsiuavsivu', '2025-11-19 01:30:15', 1, 1, 0, 0, NULL),
(489, 16, 13, NULL, 'asdasdsa', '2025-11-19 01:30:16', 1, 1, 0, 0, NULL),
(490, 16, 13, NULL, 'asdas', '2025-11-19 01:30:16', 1, 1, 0, 0, NULL),
(491, 16, 13, NULL, 'asd', '2025-11-19 01:30:16', 1, 1, 0, 0, NULL),
(492, 16, 13, NULL, 'sasa', '2025-11-19 01:33:01', 1, 1, 0, 0, NULL),
(493, 16, 13, NULL, 's', '2025-11-19 01:33:01', 1, 1, 0, 0, NULL),
(494, 16, 13, NULL, 'sasas', '2025-11-19 01:33:02', 1, 1, 0, 0, NULL),
(495, 16, 13, NULL, 'asas', '2025-11-19 01:33:03', 1, 1, 0, 0, NULL),
(496, 16, 13, NULL, 'asa', '2025-11-19 01:33:03', 1, 1, 0, 0, NULL),
(497, 16, 13, NULL, 'a', '2025-11-19 01:33:04', 1, 1, 0, 0, NULL),
(498, 16, 13, NULL, 'asasas', '2025-11-19 01:33:05', 1, 1, 0, 0, NULL),
(499, 16, 13, NULL, 'sasa', '2025-11-19 01:33:05', 1, 1, 0, 0, NULL),
(500, 16, 13, NULL, 'ss', '2025-11-19 01:33:06', 1, 1, 0, 0, NULL),
(501, 13, 16, NULL, 'asaaa', '2025-11-21 20:46:04', 1, 1, 0, 0, NULL),
(502, 13, 16, NULL, 'saa', '2025-11-21 20:46:09', 1, 1, 0, 0, NULL),
(503, 13, 16, NULL, 'asa', '2025-11-21 20:46:09', 1, 1, 0, 0, NULL),
(504, 13, 16, NULL, 'sa', '2025-11-21 20:46:09', 1, 1, 0, 0, NULL),
(505, 13, 16, NULL, 'sa', '2025-11-21 20:46:09', 1, 1, 0, 0, NULL),
(506, 13, 16, NULL, 's', '2025-11-21 20:46:10', 1, 1, 0, 0, NULL),
(507, 13, 16, NULL, 'sssa', '2025-11-21 20:46:10', 1, 1, 0, 0, NULL),
(508, 13, 16, NULL, 's', '2025-11-21 20:46:10', 1, 1, 0, 0, NULL),
(510, 13, 16, NULL, 'sasa', '2025-11-21 20:53:26', 1, 1, 0, 0, 508),
(511, 13, 16, NULL, 'dsds', '2025-11-21 21:02:26', 1, 1, 0, 0, NULL),
(512, 13, 16, NULL, 'dsdss', '2025-11-21 21:02:27', 1, 1, 0, 0, NULL),
(513, 13, 16, NULL, 'd', '2025-11-21 21:02:27', 1, 1, 0, 0, NULL),
(514, 13, 16, NULL, 'sd', '2025-11-21 21:02:27', 1, 1, 0, 0, NULL),
(515, 13, 16, NULL, 's', '2025-11-21 21:02:27', 1, 1, 0, 0, NULL),
(516, 13, 16, NULL, 'sd', '2025-11-21 21:02:28', 1, 1, 0, 0, NULL),
(517, 13, 16, NULL, 's', '2025-11-21 21:02:28', 1, 1, 0, 0, NULL),
(518, 13, 16, NULL, 'd', '2025-11-21 21:02:28', 1, 1, 0, 0, NULL),
(519, 16, 13, NULL, 'ang sama mo naman ', '2025-11-21 21:04:39', 1, 0, 0, 0, 518),
(520, 16, 13, NULL, 'uploads/6920636f4654b2.24348676.jpg', '2025-11-21 21:04:47', 1, 0, 0, 0, NULL),
(521, 17, 16, NULL, 'sasasa', '2025-11-21 21:33:45', 1, 0, 0, 1, NULL),
(522, 17, 16, NULL, 'sa', '2025-11-21 21:33:46', 1, 0, 0, 1, NULL),
(523, 17, 16, NULL, 'a', '2025-11-21 21:33:46', 1, 0, 0, 1, NULL),
(524, 17, 16, NULL, 'sa', '2025-11-21 21:33:47', 1, 0, 0, 1, NULL),
(525, 16, 17, NULL, 'uploads/69206ab3ab2e92.12332393.jpg', '2025-11-21 21:35:47', 1, 0, 1, 0, NULL),
(526, 16, 17, NULL, 'dsadsadsadsad', '2025-11-21 21:48:26', 1, 1, 1, 0, NULL),
(527, 16, 17, NULL, 'ad', '2025-11-21 21:48:26', 1, 1, 1, 0, NULL),
(528, 16, 17, NULL, 'd', '2025-11-21 21:48:26', 1, 1, 1, 0, NULL),
(529, 16, 17, NULL, 'sad', '2025-11-21 21:48:26', 1, 1, 1, 0, NULL),
(530, 16, 17, NULL, 'sad', '2025-11-21 21:48:26', 1, 1, 1, 0, NULL),
(531, 16, 17, NULL, 'sadsadsa', '2025-11-21 21:49:08', 1, 1, 1, 0, NULL),
(532, 16, 17, NULL, 'dsa', '2025-11-21 21:49:09', 1, 1, 1, 0, NULL),
(533, 16, 17, NULL, 'dsa', '2025-11-21 21:49:09', 1, 1, 1, 0, NULL),
(534, 16, 17, NULL, 'dsa', '2025-11-21 21:49:09', 1, 1, 1, 0, NULL),
(535, 16, 17, NULL, 'dsa', '2025-11-21 21:49:09', 1, 1, 1, 0, NULL),
(536, 16, 17, NULL, 'dsa', '2025-11-21 21:49:09', 1, 1, 1, 0, NULL),
(537, 16, 17, NULL, 'dsa', '2025-11-21 21:49:09', 1, 1, 1, 0, NULL),
(538, 16, 17, NULL, 'dsa', '2025-11-21 21:49:10', 1, 1, 1, 0, NULL),
(539, 16, 17, NULL, 'dsa', '2025-11-21 21:49:10', 1, 1, 1, 0, NULL),
(540, 16, 17, NULL, 'd', '2025-11-21 21:49:10', 1, 1, 1, 0, NULL),
(541, 16, 17, NULL, 'dsadsadsad', '2025-11-21 22:28:48', 1, 1, 1, 0, NULL),
(542, 16, 17, NULL, 'd', '2025-11-21 22:28:48', 1, 1, 1, 0, NULL),
(543, 16, 17, NULL, 'sa', '2025-11-21 22:28:48', 1, 1, 1, 0, NULL),
(544, 16, 17, NULL, 'sa', '2025-11-21 22:28:48', 1, 1, 1, 0, NULL),
(545, 16, 17, NULL, 'sa', '2025-11-21 22:28:48', 1, 1, 1, 0, NULL),
(546, 16, 17, NULL, 'dsa', '2025-11-21 22:28:49', 1, 1, 1, 0, NULL),
(547, 16, 17, NULL, 'sa', '2025-11-21 22:28:49', 1, 1, 1, 0, NULL),
(548, 16, 17, NULL, 'd', '2025-11-21 22:28:49', 1, 1, 1, 0, NULL),
(549, 16, 17, NULL, 'ad', '2025-11-21 22:28:49', 1, 1, 1, 0, NULL),
(550, 16, 17, NULL, 'a', '2025-11-21 22:28:49', 1, 1, 1, 0, NULL),
(551, 16, 17, NULL, '[[MESSAGE_UNSENT]]', '2025-11-21 22:28:54', 1, 1, 1, 0, NULL),
(552, 17, 16, NULL, 'HAHAHA', '2025-11-21 22:56:48', 1, 0, 0, 1, NULL),
(553, 17, 16, NULL, 'AHHAHAA', '2025-11-21 23:18:35', 1, 0, 0, 1, 551),
(554, 17, 16, NULL, 'AHHAHAA', '2025-11-21 23:18:36', 1, 0, 0, 1, 551),
(555, 17, 16, NULL, 'AHHAHAA', '2025-11-21 23:18:36', 1, 0, 0, 1, 551),
(556, 17, 16, NULL, 'AHHAHAA', '2025-11-21 23:18:36', 1, 0, 0, 1, 551),
(557, 17, 16, NULL, 'asdsa', '2025-11-21 23:18:46', 1, 0, 0, 1, 551),
(558, 17, 16, NULL, 'asdsadsa', '2025-11-21 23:18:46', 1, 0, 0, 1, 551),
(559, 17, 16, NULL, 'asdsadsadsa', '2025-11-21 23:18:47', 1, 0, 0, 1, 551),
(560, 17, 16, NULL, 'dasdsadsa', '2025-11-21 23:18:49', 1, 0, 0, 1, NULL),
(561, 17, 16, NULL, 'dasdsa', '2025-11-21 23:18:50', 1, 0, 0, 1, NULL),
(562, 17, 16, NULL, 'd', '2025-11-21 23:18:50', 1, 0, 0, 1, NULL),
(563, 17, 16, NULL, 'dsa', '2025-11-21 23:18:50', 1, 0, 0, 1, NULL),
(564, 17, 16, NULL, 'sa', '2025-11-21 23:18:51', 1, 0, 0, 1, NULL),
(565, 17, 16, NULL, 'ds', '2025-11-21 23:18:51', 1, 0, 0, 1, NULL),
(566, 16, 17, NULL, '[[MESSAGE_UNSENT]]', '2025-11-21 23:30:45', 1, 1, 1, 0, NULL),
(567, 17, 16, NULL, 'ano yun ', '2025-11-21 23:31:28', 1, 0, 0, 1, NULL),
(568, 16, 17, NULL, '[[MESSAGE_UNSENT]]', '2025-11-21 23:58:57', 1, 1, 1, 0, NULL),
(569, 16, 17, NULL, 'uploads/69208c5c76fb64.43591599.jpg', '2025-11-21 23:59:24', 1, 1, 1, 0, NULL),
(570, 16, 17, NULL, 'ganda niyan ', '2025-11-21 23:59:44', 1, 1, 1, 0, 569),
(571, 17, 16, NULL, 'hahahh', '2025-11-22 00:03:16', 1, 0, 0, 1, NULL),
(572, 17, 16, NULL, 'sd', '2025-11-22 00:03:16', 1, 0, 0, 1, NULL),
(573, 17, 16, NULL, 'das', '2025-11-22 00:03:16', 1, 0, 0, 1, NULL),
(574, 17, 16, NULL, 'das', '2025-11-22 00:03:16', 1, 0, 0, 1, NULL),
(575, 17, 16, NULL, 'dsadsa', '2025-11-22 00:03:17', 1, 0, 0, 1, NULL),
(576, 17, 16, NULL, 'da', '2025-11-22 00:03:17', 1, 0, 0, 1, NULL),
(577, 17, 16, NULL, 'asas', '2025-11-22 00:03:27', 1, 0, 0, 1, NULL),
(578, 17, 16, NULL, 'as', '2025-11-22 00:03:27', 1, 0, 0, 1, NULL),
(579, 17, 16, NULL, 'as', '2025-11-22 00:03:28', 1, 0, 0, 1, NULL),
(580, 17, 16, NULL, 'as', '2025-11-22 00:03:28', 1, 0, 0, 1, NULL),
(581, 17, 16, NULL, 'a', '2025-11-22 00:03:28', 1, 0, 0, 1, NULL),
(582, 17, 16, NULL, 'sa', '2025-11-22 00:03:28', 1, 0, 0, 1, NULL),
(583, 17, 16, NULL, 'sa', '2025-11-22 00:03:28', 1, 0, 0, 1, NULL),
(584, 17, 16, NULL, 'sa', '2025-11-22 00:03:29', 1, 0, 0, 1, NULL),
(585, 17, 16, NULL, 'sa', '2025-11-22 00:03:29', 1, 0, 0, 1, NULL),
(586, 17, 16, NULL, 's', '2025-11-22 00:03:29', 1, 0, 0, 1, NULL),
(587, 17, 16, NULL, 'asa', '2025-11-22 00:03:29', 1, 0, 0, 1, NULL),
(588, 17, 16, NULL, 's', '2025-11-22 00:03:29', 1, 0, 0, 1, NULL),
(589, 17, 16, NULL, 'sa', '2025-11-22 00:04:01', 1, 1, 0, 1, NULL),
(590, 17, 16, NULL, 'sasas', '2025-11-22 00:04:01', 1, 1, 0, 1, NULL),
(591, 17, 16, NULL, 's', '2025-11-22 00:04:01', 1, 1, 0, 1, NULL),
(592, 17, 16, NULL, 'sa', '2025-11-22 00:04:01', 1, 1, 0, 1, NULL),
(593, 17, 16, NULL, 'sa', '2025-11-22 00:04:02', 1, 1, 0, 1, NULL),
(594, 17, 16, NULL, 'a', '2025-11-22 00:04:02', 1, 1, 0, 1, NULL),
(595, 17, 16, NULL, 'as', '2025-11-22 00:04:02', 1, 1, 0, 1, NULL),
(596, 16, 17, NULL, '[[MESSAGE_UNSENT]]', '2025-11-22 00:04:16', 1, 0, 1, 0, NULL),
(597, 17, 16, NULL, 'uploads/69208f52497114.81006628.jpg', '2025-11-22 00:12:02', 1, 0, 1, 1, NULL),
(598, 16, 17, NULL, 'sasasa', '2025-11-22 00:14:03', 1, 1, 1, 0, NULL),
(599, 16, 17, NULL, 'sas', '2025-11-22 00:14:03', 1, 1, 1, 0, NULL),
(600, 16, 17, NULL, 'asa', '2025-11-22 00:14:03', 1, 1, 1, 0, NULL),
(601, 16, 17, NULL, 's', '2025-11-22 00:14:03', 1, 1, 1, 0, NULL),
(602, 16, 17, NULL, 's', '2025-11-22 00:14:04', 1, 1, 1, 0, NULL),
(603, 16, 17, NULL, 's', '2025-11-22 00:14:04', 1, 1, 1, 0, NULL),
(604, 16, 17, NULL, 's', '2025-11-22 00:14:04', 1, 1, 1, 0, NULL),
(605, 16, 17, NULL, 'sa', '2025-11-22 00:14:04', 1, 1, 1, 0, NULL),
(606, 16, 17, NULL, 'sa', '2025-11-22 00:14:04', 1, 1, 1, 0, NULL),
(607, 16, 17, NULL, 'sa', '2025-11-22 00:14:04', 1, 1, 1, 0, NULL),
(608, 16, 17, NULL, '[[MESSAGE_UNSENT]]', '2025-11-22 00:14:05', 1, 1, 1, 0, NULL),
(609, 16, 17, NULL, 's', '2025-11-22 00:14:05', 1, 1, 1, 1, NULL),
(610, 17, 16, NULL, 'dsadsad', '2025-11-22 00:14:23', 1, 0, 0, 1, NULL),
(611, 16, 17, NULL, 'sa', '2025-11-22 00:28:51', 1, 0, 1, 0, NULL),
(612, 16, 17, NULL, 's', '2025-11-22 00:28:51', 1, 0, 1, 0, NULL),
(613, 16, 17, NULL, 'as', '2025-11-22 00:28:51', 1, 0, 1, 0, NULL),
(614, 16, 17, NULL, 'as', '2025-11-22 00:28:51', 1, 0, 1, 0, NULL),
(615, 16, 17, NULL, 'as', '2025-11-22 00:28:51', 1, 0, 1, 0, NULL),
(616, 16, 17, NULL, 'as', '2025-11-22 00:28:52', 1, 0, 1, 0, NULL),
(617, 16, 17, NULL, 'asas', '2025-11-22 00:28:52', 1, 0, 1, 0, NULL),
(618, 16, 17, NULL, 's', '2025-11-22 00:28:52', 1, 0, 1, 0, NULL),
(619, 16, 17, NULL, 's', '2025-11-22 00:28:52', 1, 0, 1, 0, NULL),
(620, 16, 17, NULL, 'as', '2025-11-22 00:28:52', 1, 0, 1, 0, NULL),
(621, 16, 17, NULL, 's', '2025-11-22 00:28:52', 1, 0, 1, 0, NULL),
(622, 16, 17, NULL, 's', '2025-11-22 00:28:53', 1, 0, 1, 0, NULL),
(623, 16, 17, NULL, 's', '2025-11-22 00:28:53', 1, 0, 1, 0, NULL),
(624, 16, 17, NULL, 's', '2025-11-22 00:28:53', 1, 0, 1, 0, NULL),
(625, 17, 16, NULL, 'sas', '2025-11-22 00:29:40', 1, 1, 0, 1, NULL),
(626, 17, 16, NULL, 'as', '2025-11-22 00:29:40', 1, 1, 0, 1, NULL),
(627, 17, 16, NULL, 'as', '2025-11-22 00:29:40', 1, 1, 0, 1, NULL),
(628, 17, 16, NULL, 'as', '2025-11-22 00:29:40', 1, 1, 0, 1, NULL),
(629, 17, 16, NULL, 'as', '2025-11-22 00:29:41', 1, 1, 0, 1, NULL),
(630, 17, 16, NULL, 's', '2025-11-22 00:29:41', 1, 1, 0, 1, NULL),
(631, 17, 16, NULL, '[[MESSAGE_UNSENT]]', '2025-11-22 00:29:41', 1, 1, 0, 1, NULL),
(632, 16, 17, NULL, 'sadsadsa', '2025-11-22 01:41:00', 1, 0, 1, 0, NULL),
(633, 16, 17, NULL, 'sdsadsa', '2025-11-22 01:41:10', 1, 0, 1, 0, NULL),
(634, 17, 11, NULL, 'yoss', '2025-11-22 01:47:14', 0, 0, 0, 0, NULL),
(635, 17, 16, NULL, '[[MESSAGE_UNSENT]]', '2025-11-22 02:17:37', 1, 0, 0, 1, NULL),
(636, 16, 17, NULL, 'helo', '2025-11-22 02:38:43', 1, 1, 1, 1, NULL),
(637, 16, 17, NULL, 'as', '2025-11-22 02:38:44', 1, 1, 1, 0, NULL),
(638, 16, 17, NULL, 'as', '2025-11-22 02:38:44', 1, 1, 1, 0, NULL),
(639, 16, 17, NULL, 'a', '2025-11-22 02:38:44', 1, 1, 1, 0, NULL),
(640, 16, 17, NULL, 'a', '2025-11-22 02:38:44', 1, 1, 1, 0, NULL),
(641, 16, 17, NULL, 'as', '2025-11-22 02:38:45', 1, 1, 1, 0, NULL),
(642, 17, 16, NULL, 'SAASSA', '2025-11-22 04:32:11', 1, 1, 0, 1, NULL),
(643, 17, 16, NULL, 'AS', '2025-11-22 04:32:12', 1, 1, 0, 1, NULL),
(644, 17, 16, NULL, 'SA', '2025-11-22 04:32:12', 1, 1, 0, 1, NULL),
(645, 17, 16, NULL, 'SA', '2025-11-22 04:32:12', 1, 1, 0, 1, NULL),
(646, 17, 16, NULL, 'SA', '2025-11-22 04:32:12', 1, 1, 0, 1, NULL),
(647, 17, 16, NULL, 'S', '2025-11-22 04:32:13', 1, 1, 0, 1, NULL),
(648, 17, 16, NULL, 'A', '2025-11-22 04:32:13', 1, 1, 0, 1, NULL),
(649, 17, 16, NULL, 'S', '2025-11-22 04:32:13', 1, 1, 0, 1, NULL),
(650, 17, 16, NULL, 'ASAA', '2025-11-22 04:32:27', 1, 0, 0, 1, NULL),
(651, 17, 16, NULL, 'A', '2025-11-22 04:32:28', 1, 0, 0, 1, NULL),
(652, 17, 16, NULL, 'SA', '2025-11-22 04:32:28', 1, 0, 0, 1, NULL),
(653, 17, 16, NULL, 'SA', '2025-11-22 04:32:28', 1, 0, 0, 1, NULL),
(654, 17, 16, NULL, 'S', '2025-11-22 04:32:28', 1, 0, 0, 1, NULL),
(655, 17, 16, NULL, '[[MESSAGE_UNSENT]]', '2025-11-22 04:32:28', 1, 0, 0, 1, NULL),
(656, 17, 16, NULL, '[[MESSAGE_UNSENT]]', '2025-11-22 04:32:28', 1, 0, 0, 1, NULL),
(657, 16, 17, NULL, 'dsadsadsad', '2025-11-22 04:59:27', 1, 0, 1, 0, NULL),
(658, 16, 17, NULL, 'sd', '2025-11-22 04:59:27', 1, 0, 1, 0, NULL),
(659, 16, 17, NULL, 'sad', '2025-11-22 04:59:27', 1, 0, 1, 0, NULL),
(660, 16, 17, NULL, 'ad', '2025-11-22 04:59:28', 1, 0, 1, 0, NULL),
(661, 16, 17, NULL, 'ad', '2025-11-22 04:59:28', 1, 0, 1, 0, NULL),
(662, 16, 17, NULL, 'asd', '2025-11-22 04:59:28', 1, 0, 1, 0, NULL),
(663, 16, 17, NULL, 'ad', '2025-11-22 04:59:28', 1, 0, 1, 0, NULL),
(664, 16, 17, NULL, 'sad', '2025-11-22 04:59:28', 1, 0, 1, 0, NULL),
(665, 16, 17, NULL, 'sad', '2025-11-22 04:59:29', 1, 0, 1, 0, NULL),
(666, 16, 17, NULL, 'sad', '2025-11-22 04:59:29', 1, 0, 1, 0, NULL),
(667, 16, 17, NULL, 'd', '2025-11-22 04:59:29', 1, 0, 1, 0, NULL),
(668, 16, 17, NULL, 'd', '2025-11-22 04:59:29', 1, 0, 1, 0, NULL),
(669, 16, 17, NULL, 'sad', '2025-11-22 04:59:29', 1, 0, 1, 0, NULL),
(670, 16, 17, NULL, 'sadsadas', '2025-11-22 04:59:45', 1, 1, 1, 0, NULL),
(671, 16, 17, NULL, 'as', '2025-11-22 04:59:45', 1, 1, 1, 0, NULL),
(672, 16, 17, NULL, 'dsa', '2025-11-22 04:59:45', 1, 1, 1, 0, NULL),
(673, 16, 17, NULL, 'dsa', '2025-11-22 04:59:45', 1, 1, 1, 0, NULL),
(674, 16, 17, NULL, 'da', '2025-11-22 04:59:45', 1, 1, 1, 0, NULL),
(675, 16, 17, NULL, 'as', '2025-11-22 04:59:46', 1, 1, 1, 0, NULL),
(676, 16, 17, NULL, 'dsada', '2025-11-22 04:59:46', 1, 1, 1, 0, NULL),
(677, 16, 17, NULL, 'das', '2025-11-22 04:59:46', 1, 1, 1, 0, NULL),
(678, 16, 17, NULL, 'dsa', '2025-11-22 04:59:46', 1, 1, 1, 0, NULL),
(679, 16, 17, NULL, 'dsa', '2025-11-22 04:59:47', 1, 1, 1, 0, NULL),
(680, 16, 17, NULL, 'das', '2025-11-22 04:59:47', 1, 1, 1, 0, NULL),
(681, 16, 17, NULL, 'dsa', '2025-11-22 04:59:47', 1, 1, 1, 0, NULL),
(682, 16, 17, NULL, 'das', '2025-11-22 04:59:47', 1, 1, 1, 0, NULL),
(683, 16, 17, NULL, 'd', '2025-11-22 04:59:47', 1, 1, 1, 0, NULL),
(684, 16, 17, NULL, 'da', '2025-11-22 04:59:47', 1, 1, 1, 0, NULL),
(685, 16, 17, NULL, 'dsadsadsad', '2025-11-22 05:00:10', 1, 1, 1, 0, NULL),
(686, 16, 17, NULL, 'sad', '2025-11-22 05:00:10', 1, 1, 1, 0, NULL),
(687, 16, 17, NULL, 'sad', '2025-11-22 05:00:10', 1, 1, 1, 0, NULL),
(688, 16, 17, NULL, 'sad', '2025-11-22 05:00:10', 1, 1, 1, 0, NULL),
(689, 16, 17, NULL, 'asd', '2025-11-22 05:00:11', 1, 1, 1, 0, NULL),
(690, 16, 17, NULL, 'asd', '2025-11-22 05:00:11', 1, 1, 1, 0, NULL),
(691, 16, 17, NULL, 'sad', '2025-11-22 05:00:11', 1, 1, 1, 0, NULL),
(692, 16, 17, NULL, 'asd', '2025-11-22 05:00:11', 1, 1, 1, 0, NULL),
(693, 16, 17, NULL, 'ad', '2025-11-22 05:00:11', 1, 1, 1, 0, NULL),
(694, 16, 17, NULL, 'asd', '2025-11-22 05:00:11', 1, 1, 1, 0, NULL),
(695, 16, 17, NULL, 'asd', '2025-11-22 05:00:12', 1, 1, 1, 0, NULL),
(696, 17, 16, NULL, 'hello', '2025-11-22 05:02:12', 1, 0, 0, 1, NULL),
(697, 16, 17, NULL, 'dsadsadsa', '2025-11-22 05:08:55', 1, 1, 1, 0, NULL),
(698, 16, 17, NULL, 'ds', '2025-11-22 05:08:56', 1, 1, 1, 0, NULL),
(699, 16, 17, NULL, 'sa', '2025-11-22 05:08:56', 1, 1, 1, 0, NULL),
(700, 16, 17, NULL, 'dsa', '2025-11-22 05:08:56', 1, 1, 1, 0, NULL),
(701, 16, 17, NULL, 'ds', '2025-11-22 05:08:56', 1, 1, 1, 0, NULL),
(702, 16, 17, NULL, 'd', '2025-11-22 05:08:56', 1, 1, 1, 0, NULL),
(703, 16, 17, NULL, 'adsa', '2025-11-22 05:08:56', 1, 1, 1, 0, NULL),
(704, 16, 17, NULL, 'd', '2025-11-22 05:08:57', 1, 1, 1, 0, NULL),
(705, 16, 17, NULL, 'ad', '2025-11-22 05:08:57', 1, 1, 1, 0, NULL),
(706, 16, 17, NULL, 'sadas', '2025-11-22 05:08:57', 1, 1, 1, 0, NULL),
(707, 16, 17, NULL, 'sdsd', '2025-11-22 05:09:08', 1, 0, 1, 0, NULL),
(708, 16, 17, NULL, 'asas', '2025-11-22 05:09:14', 1, 1, 1, 0, NULL),
(709, 16, 17, NULL, 'sddsdsd', '2025-11-22 05:09:44', 1, 0, 1, 0, NULL),
(710, 16, 17, NULL, 'd', '2025-11-22 05:09:44', 1, 0, 1, 0, NULL),
(711, 16, 17, NULL, 'd', '2025-11-22 05:09:45', 1, 0, 1, 0, NULL),
(712, 16, 17, NULL, 'sd', '2025-11-22 05:09:45', 1, 0, 1, 0, NULL),
(713, 16, 17, NULL, 'sd', '2025-11-22 05:09:45', 1, 0, 1, 0, NULL),
(714, 16, 17, NULL, 'sd', '2025-11-22 05:09:45', 1, 0, 1, 0, NULL),
(715, 16, 17, NULL, 'sd', '2025-11-22 05:09:45', 1, 0, 1, 0, NULL),
(716, 16, 17, NULL, 'sddsdsdsdsds', '2025-11-22 05:09:52', 1, 1, 1, 0, NULL),
(717, 16, 17, NULL, 'dsdsd', '2025-11-22 05:09:52', 1, 1, 1, 0, NULL),
(718, 16, 17, NULL, 'sds', '2025-11-22 05:09:52', 1, 1, 1, 0, NULL),
(719, 16, 17, NULL, 'sd', '2025-11-22 05:09:53', 1, 1, 1, 0, NULL),
(720, 16, 17, NULL, 'd', '2025-11-22 05:09:53', 1, 1, 1, 0, NULL),
(721, 16, 17, NULL, 'ds', '2025-11-22 05:09:53', 1, 1, 1, 0, NULL),
(722, 16, 17, NULL, 'd', '2025-11-22 05:09:53', 1, 1, 1, 0, NULL),
(723, 16, 17, NULL, 'dsadsadsad', '2025-11-22 05:12:44', 1, 1, 1, 0, NULL),
(724, 16, 17, NULL, 'asd', '2025-11-22 05:12:44', 1, 1, 1, 0, NULL),
(725, 16, 17, NULL, 'sad', '2025-11-22 05:12:44', 1, 1, 1, 0, NULL),
(726, 16, 17, NULL, 'sad', '2025-11-22 05:12:45', 1, 1, 1, 0, NULL),
(727, 16, 17, NULL, 'sad', '2025-11-22 05:12:45', 1, 1, 1, 0, NULL),
(728, 16, 17, NULL, 'sad', '2025-11-22 05:12:45', 1, 1, 1, 0, NULL),
(729, 16, 17, NULL, 'sad', '2025-11-22 05:12:45', 1, 1, 1, 0, NULL),
(730, 16, 17, NULL, 'sad', '2025-11-22 05:12:45', 1, 1, 1, 0, NULL),
(731, 16, 17, NULL, 'sa', '2025-11-22 05:12:45', 1, 1, 1, 0, NULL),
(732, 16, 17, NULL, 'sa', '2025-11-22 05:12:45', 1, 1, 1, 0, NULL),
(733, 17, 16, NULL, 'asdadsa', '2025-11-22 05:17:33', 1, 0, 0, 1, NULL),
(734, 16, 17, NULL, 'dasdsadsa', '2025-11-22 05:21:53', 1, 1, 1, 0, NULL),
(735, 16, 17, NULL, 'dsad', '2025-11-22 05:21:53', 1, 1, 1, 0, NULL),
(736, 16, 17, NULL, 'sad', '2025-11-22 05:21:53', 1, 1, 1, 0, NULL),
(737, 16, 17, NULL, 'sa', '2025-11-22 05:21:53', 1, 1, 1, 0, NULL),
(738, 16, 17, NULL, 'dsa', '2025-11-22 05:21:54', 1, 1, 1, 0, NULL),
(739, 16, 17, NULL, 'sa', '2025-11-22 05:21:54', 1, 1, 1, 0, NULL),
(740, 16, 17, NULL, 'ds', '2025-11-22 05:21:54', 1, 1, 1, 0, NULL);
INSERT INTO `messages` (`msg_id`, `sender_id`, `receiver_id`, `group_id`, `message`, `timestamp`, `is_read`, `is_notified`, `deleted_by_sender`, `deleted_by_receiver`, `reply_to_msg_id`) VALUES
(741, 16, 17, NULL, 'ds', '2025-11-22 05:21:54', 1, 1, 1, 0, NULL),
(742, 16, 17, NULL, 'dsa', '2025-11-22 05:21:54', 1, 1, 1, 0, NULL),
(743, 16, 17, NULL, 'd', '2025-11-22 05:21:55', 1, 1, 1, 0, NULL),
(744, 16, 17, NULL, 'sad', '2025-11-22 05:21:55', 1, 1, 1, 0, NULL),
(745, 16, 17, NULL, 'sad', '2025-11-22 05:21:55', 1, 1, 1, 0, NULL),
(746, 16, 17, NULL, 'sad', '2025-11-22 05:21:55', 1, 1, 1, 0, NULL),
(747, 16, 17, NULL, 'sad', '2025-11-22 05:21:55', 1, 1, 1, 0, NULL),
(748, 16, 17, NULL, 'sa', '2025-11-22 05:21:55', 1, 1, 1, 0, NULL),
(749, 16, 17, NULL, 'sa', '2025-11-22 05:21:56', 1, 1, 1, 0, NULL),
(750, 17, 16, NULL, 'dsadsadasd', '2025-11-22 05:31:48', 1, 0, 0, 1, NULL),
(751, 17, 16, NULL, 'sad', '2025-11-22 05:31:49', 1, 0, 0, 1, NULL),
(752, 17, 16, NULL, 'd', '2025-11-22 05:31:49', 1, 0, 0, 1, NULL),
(753, 17, 16, NULL, 'sad', '2025-11-22 05:31:49', 1, 0, 0, 1, NULL),
(754, 17, 16, NULL, 'sd', '2025-11-22 05:31:49', 1, 0, 0, 1, NULL),
(755, 17, 16, NULL, 'sad', '2025-11-22 05:31:49', 1, 0, 0, 1, NULL),
(756, 17, 16, NULL, 'sa', '2025-11-22 05:31:50', 1, 0, 0, 1, NULL),
(757, 17, 16, NULL, 'sa', '2025-11-22 05:31:50', 1, 0, 0, 1, NULL),
(758, 17, 16, NULL, 'dad', '2025-11-22 05:31:50', 1, 0, 0, 1, NULL),
(759, 17, 16, NULL, 'd', '2025-11-22 05:31:50', 1, 0, 0, 1, NULL),
(760, 17, 16, NULL, 'sad', '2025-11-22 05:31:50', 1, 0, 0, 1, NULL),
(761, 17, 16, NULL, 'sad', '2025-11-22 05:31:50', 1, 0, 0, 1, NULL),
(762, 17, 16, NULL, 'as', '2025-11-22 05:31:51', 1, 0, 0, 1, NULL),
(763, 17, 16, NULL, 'as', '2025-11-22 05:31:51', 1, 0, 0, 1, NULL),
(764, 16, 17, NULL, 'dsadsad', '2025-11-22 05:32:19', 1, 1, 1, 0, NULL),
(765, 16, 17, NULL, 'sad', '2025-11-22 05:32:19', 1, 1, 1, 0, NULL),
(766, 16, 17, NULL, 'd', '2025-11-22 05:32:19', 1, 1, 1, 0, NULL),
(767, 16, 17, NULL, 'd', '2025-11-22 05:32:19', 1, 1, 1, 0, NULL),
(768, 16, 17, NULL, 'sad', '2025-11-22 05:32:19', 1, 1, 1, 0, NULL),
(769, 16, 17, NULL, 'd', '2025-11-22 05:32:19', 1, 1, 1, 0, NULL),
(770, 16, 17, NULL, 'sadsa', '2025-11-22 05:32:20', 1, 1, 1, 0, NULL),
(771, 16, 17, NULL, 'dsa', '2025-11-22 05:32:20', 1, 1, 1, 0, NULL),
(772, 16, 17, NULL, 'dsa', '2025-11-22 05:32:20', 1, 1, 1, 0, NULL),
(773, 16, 17, NULL, 'sa', '2025-11-22 05:32:20', 1, 1, 1, 0, NULL),
(774, 16, 17, NULL, 'd', '2025-11-22 05:32:20', 1, 1, 1, 0, NULL),
(775, 16, 17, NULL, 'ad', '2025-11-22 05:32:21', 1, 1, 1, 0, NULL),
(776, 16, 17, NULL, 'd', '2025-11-22 05:32:21', 1, 1, 1, 0, NULL),
(777, 16, 17, NULL, 'sasasa', '2025-11-22 05:49:23', 1, 1, 1, 1, NULL),
(778, 16, 17, NULL, 'a', '2025-11-22 05:49:23', 1, 1, 1, 0, NULL),
(779, 16, 17, NULL, 'sa', '2025-11-22 05:49:23', 1, 1, 1, 0, NULL),
(780, 16, 17, NULL, 'sas', '2025-11-22 05:49:23', 1, 1, 1, 0, NULL),
(781, 16, 17, NULL, 's', '2025-11-22 05:49:23', 1, 1, 1, 0, NULL),
(782, 17, 16, NULL, 'test', '2025-11-22 05:50:12', 1, 0, 0, 1, NULL),
(783, 16, 17, NULL, 'as', '2025-11-22 05:59:44', 1, 0, 1, 0, NULL),
(784, 16, 17, NULL, 'as', '2025-11-22 05:59:45', 1, 0, 1, 0, NULL),
(785, 16, 17, NULL, 'as', '2025-11-22 05:59:45', 1, 0, 1, 0, NULL),
(786, 16, 17, NULL, 'aqs', '2025-11-22 05:59:46', 1, 0, 1, 0, NULL),
(787, 16, 17, NULL, 'as', '2025-11-22 05:59:46', 1, 0, 1, 0, NULL),
(788, 16, 17, NULL, 'as', '2025-11-22 05:59:46', 1, 0, 1, 0, NULL),
(789, 16, 17, NULL, 'asasa', '2025-11-22 06:00:13', 1, 1, 1, 0, NULL),
(790, 16, 17, NULL, 'sa', '2025-11-22 06:00:13', 1, 1, 1, 0, NULL),
(791, 16, 17, NULL, 'sa', '2025-11-22 06:00:13', 1, 1, 1, 0, NULL),
(792, 16, 17, NULL, 'sa', '2025-11-22 06:00:13', 1, 1, 1, 0, NULL),
(793, 16, 17, NULL, 'sas', '2025-11-22 06:00:14', 1, 1, 1, 0, NULL),
(794, 16, 17, NULL, 'sa', '2025-11-22 06:00:14', 1, 1, 1, 0, NULL),
(795, 16, 17, NULL, 'sa', '2025-11-22 06:00:14', 1, 1, 1, 0, NULL),
(796, 16, 17, NULL, 'sa', '2025-11-22 06:00:14', 1, 1, 1, 0, NULL),
(797, 16, 17, NULL, 'sa', '2025-11-22 06:00:15', 1, 1, 1, 0, NULL),
(798, 16, 17, NULL, 'asa', '2025-11-22 06:00:15', 1, 1, 1, 0, NULL),
(799, 16, 17, NULL, 'hello', '2025-11-22 15:13:44', 1, 1, 1, 0, 793),
(800, 16, 17, NULL, 'hello', '2025-11-22 15:13:51', 1, 1, 1, 0, 782),
(801, 16, 13, NULL, 'ganda', '2025-11-22 15:14:32', 0, 0, 0, 0, 520),
(802, 17, 16, NULL, 'hello ', '2025-11-22 15:22:49', 1, 1, 0, 1, 800),
(803, 16, 17, NULL, 'hollla', '2025-11-22 15:29:30', 1, 1, 1, 0, NULL),
(804, 16, 17, NULL, 'mi amor ', '2025-11-22 15:29:34', 1, 1, 1, 1, NULL),
(805, 17, 16, NULL, 'sasa', '2025-11-22 15:32:38', 1, 1, 0, 1, NULL),
(806, 17, 16, NULL, '[[MESSAGE_UNSENT]]', '2025-11-22 15:42:00', 1, 1, 0, 1, 804),
(807, 16, 17, NULL, 'asdsadsa', '2025-11-22 15:49:36', 1, 1, 1, 0, NULL),
(808, 16, 17, NULL, 'sdsa', '2025-11-22 15:49:37', 1, 1, 1, 0, NULL),
(809, 16, 17, NULL, 'sad', '2025-11-22 15:49:37', 1, 1, 1, 0, NULL),
(810, 16, 17, NULL, 'adsd', '2025-11-22 15:49:37', 1, 1, 1, 1, NULL),
(811, 16, 17, NULL, 'ad', '2025-11-22 15:49:38', 1, 1, 1, 0, NULL),
(812, 16, 17, NULL, 'sads', '2025-11-22 15:49:38', 1, 1, 1, 0, NULL),
(813, 16, 17, NULL, 'ds', '2025-11-22 15:49:38', 1, 1, 1, 1, NULL),
(814, 16, 17, NULL, 'ds', '2025-11-22 15:49:38', 1, 1, 1, 0, NULL),
(815, 16, 17, NULL, 'ds', '2025-11-22 15:49:38', 1, 1, 1, 0, NULL),
(816, 16, 17, NULL, 'dsa', '2025-11-22 15:49:38', 1, 1, 1, 0, NULL),
(817, 16, 17, NULL, 'da', '2025-11-22 15:49:39', 1, 1, 1, 0, NULL),
(818, 16, 17, NULL, 'uploads/6921767dce0895.06441669.jpg', '2025-11-22 16:38:21', 1, 0, 1, 0, NULL),
(819, 17, 16, NULL, 'euta', '2025-11-22 16:44:41', 1, 1, 0, 1, NULL),
(820, 17, 16, NULL, 'dsad', '2025-11-22 16:44:43', 1, 1, 0, 1, NULL),
(821, 17, 16, NULL, 'dsad', '2025-11-22 16:44:44', 1, 1, 0, 1, NULL),
(822, 17, 16, NULL, 'sa', '2025-11-22 16:44:44', 1, 1, 0, 1, NULL),
(823, 17, 16, NULL, 'sd', '2025-11-22 16:44:44', 1, 1, 0, 1, NULL),
(824, 17, 16, NULL, 'sadsa', '2025-11-22 16:44:45', 1, 1, 0, 1, NULL),
(825, 17, 16, NULL, 'asd', '2025-11-22 16:44:45', 1, 1, 0, 1, NULL),
(826, 17, 16, NULL, 'sad', '2025-11-22 16:44:45', 1, 1, 0, 1, NULL),
(827, 17, 16, NULL, 'dsa', '2025-11-22 16:44:45', 1, 1, 0, 1, NULL),
(828, 17, 16, NULL, 'dsa', '2025-11-22 16:44:46', 1, 1, 0, 1, NULL),
(829, 17, 16, NULL, 'sa', '2025-11-22 16:44:46', 1, 1, 0, 1, NULL),
(830, 17, 16, NULL, 'sad', '2025-11-22 16:44:46', 1, 1, 0, 1, NULL),
(831, 17, 16, NULL, 'sad', '2025-11-22 16:44:46', 1, 1, 0, 1, NULL),
(832, 17, 16, NULL, 'sad', '2025-11-22 16:44:46', 1, 1, 0, 1, NULL),
(833, 17, 16, NULL, 'sad', '2025-11-22 16:44:47', 1, 1, 0, 1, NULL),
(834, 16, 17, NULL, 'iba den ', '2025-11-22 16:46:42', 1, 0, 1, 0, 833),
(835, 16, 17, NULL, 'HAHAH', '2025-11-22 16:46:44', 1, 0, 1, 0, NULL),
(836, 16, 17, NULL, 'laksa mo par e', '2025-11-22 16:46:48', 1, 0, 1, 0, NULL),
(837, 17, 16, NULL, 'lakas mo ', '2025-11-22 16:47:36', 1, 1, 0, 1, NULL),
(838, 16, NULL, 1, 'dsdsdsd.', '2025-11-22 17:01:11', 0, 0, 0, 0, NULL),
(839, 16, NULL, 1, 'sds', '2025-11-22 17:01:12', 0, 0, 0, 0, NULL),
(840, 16, NULL, 1, 'd', '2025-11-22 17:01:12', 0, 0, 0, 0, NULL),
(841, 16, NULL, 1, 'd', '2025-11-22 17:01:12', 0, 0, 0, 0, NULL),
(842, 16, NULL, 1, 'd', '2025-11-22 17:01:12', 0, 0, 0, 0, NULL),
(843, 16, NULL, 1, 'sad', '2025-11-22 17:01:12', 0, 0, 0, 0, NULL),
(844, 16, NULL, 1, 'a', '2025-11-22 17:01:12', 0, 0, 1, 0, NULL),
(872, 16, 17, NULL, 'asdsad', '2025-11-22 17:40:53', 1, 1, 1, 0, NULL),
(873, 16, 17, NULL, 'sad', '2025-11-22 17:40:54', 1, 1, 1, 0, NULL),
(874, 16, 17, NULL, 'd', '2025-11-22 17:40:54', 1, 1, 1, 0, NULL),
(875, 16, 17, NULL, 'd', '2025-11-22 17:40:54', 1, 1, 1, 0, NULL),
(876, 16, 17, NULL, 'd', '2025-11-22 17:40:54', 1, 1, 1, 0, NULL),
(877, 16, 17, NULL, 'sd', '2025-11-22 17:40:54', 1, 1, 1, 0, NULL),
(878, 16, 17, NULL, 'sd', '2025-11-22 17:40:54', 1, 1, 1, 0, NULL),
(879, 16, 17, NULL, 'd', '2025-11-22 17:40:55', 1, 1, 1, 0, NULL),
(880, 16, 17, NULL, 'ad', '2025-11-22 17:40:55', 1, 1, 1, 0, NULL),
(881, 16, 17, NULL, 'a', '2025-11-22 17:40:55', 1, 1, 1, 0, NULL),
(882, 16, 17, NULL, 'sa', '2025-11-22 17:40:55', 1, 1, 1, 0, NULL),
(886, 17, 16, NULL, 'saa', '2025-11-22 17:52:26', 1, 1, 0, 1, NULL),
(887, 17, 16, NULL, 'a', '2025-11-22 17:52:26', 1, 1, 0, 1, NULL),
(888, 17, 16, NULL, 's', '2025-11-22 17:52:26', 1, 1, 0, 1, NULL),
(889, 17, 16, NULL, 'a', '2025-11-22 17:52:26', 1, 1, 0, 1, NULL),
(890, 17, 16, NULL, 'sa', '2025-11-22 17:52:26', 1, 1, 0, 1, NULL),
(891, 17, 16, NULL, 's', '2025-11-22 17:52:26', 1, 1, 0, 1, NULL),
(892, 17, 16, NULL, 'a', '2025-11-22 17:52:27', 1, 1, 0, 1, NULL),
(893, 17, 16, NULL, 's', '2025-11-22 17:52:27', 1, 1, 0, 1, NULL),
(894, 17, 16, NULL, 'a', '2025-11-22 17:52:27', 1, 1, 0, 1, NULL),
(895, 17, 16, NULL, 'sa', '2025-11-22 17:52:27', 1, 1, 0, 1, NULL),
(902, 17, 16, NULL, 'dsadsadsa', '2025-11-22 18:18:11', 1, 0, 0, 1, NULL),
(903, 17, 16, NULL, 'sa', '2025-11-22 18:18:11', 1, 0, 0, 1, NULL),
(904, 17, 16, NULL, 'sa', '2025-11-22 18:18:12', 1, 0, 0, 1, NULL),
(905, 17, 16, NULL, 'sa', '2025-11-22 18:18:12', 1, 0, 0, 1, NULL),
(906, 17, 16, NULL, 'sa', '2025-11-22 18:18:12', 1, 0, 0, 1, NULL),
(907, 17, 16, NULL, 'ds', '2025-11-22 18:18:12', 1, 0, 0, 1, NULL),
(908, 17, 16, NULL, 'd', '2025-11-22 18:18:12', 1, 0, 0, 1, NULL),
(909, 17, 16, NULL, 's', '2025-11-22 18:18:12', 1, 0, 0, 1, NULL),
(910, 16, 17, NULL, 'uploads/692190f990eac4.01326876.jpg', '2025-11-22 18:31:21', 1, 0, 1, 0, NULL),
(911, 17, 16, NULL, 'dsadsasadsad', '2025-11-22 19:00:56', 1, 0, 0, 1, NULL),
(912, 17, 16, NULL, 'sa', '2025-11-22 19:00:56', 1, 0, 0, 1, NULL),
(913, 17, 16, NULL, 'dsds', '2025-11-22 19:00:57', 1, 0, 0, 1, NULL),
(914, 17, 16, NULL, 'd', '2025-11-22 19:00:57', 1, 0, 0, 1, NULL),
(915, 17, 16, NULL, 'sda', '2025-11-22 19:00:57', 1, 0, 0, 1, NULL),
(916, 17, 16, NULL, 'd', '2025-11-22 19:00:57', 1, 0, 0, 1, NULL),
(917, 17, 16, NULL, 'd', '2025-11-22 19:00:57', 1, 0, 0, 1, NULL),
(918, 17, 16, NULL, 'd', '2025-11-22 19:00:58', 1, 0, 0, 1, NULL),
(919, 17, 16, NULL, 'd', '2025-11-22 19:00:58', 1, 0, 0, 1, NULL),
(920, 17, 16, NULL, 'd', '2025-11-22 19:00:58', 1, 0, 0, 1, NULL),
(921, 17, 16, NULL, 'sad', '2025-11-22 19:00:58', 1, 0, 0, 1, NULL),
(922, 17, 16, NULL, 'sa', '2025-11-22 19:00:58', 1, 0, 0, 1, NULL),
(923, 17, 16, NULL, 'sa', '2025-11-22 19:00:58', 1, 0, 0, 1, NULL),
(931, 16, 17, NULL, 'dsd', '2025-11-22 19:31:09', 1, 0, 0, 0, NULL),
(932, 16, 17, NULL, 'dsdsd', '2025-11-22 19:31:23', 1, 0, 0, 0, NULL),
(933, 16, 17, NULL, 'd', '2025-11-22 19:31:23', 1, 0, 0, 0, NULL),
(934, 16, 17, NULL, 'sd', '2025-11-22 19:31:24', 1, 0, 0, 0, NULL),
(935, 16, 17, NULL, 'sd', '2025-11-22 19:31:24', 1, 0, 0, 0, NULL),
(936, 16, 17, NULL, 's', '2025-11-22 19:31:24', 1, 0, 0, 0, NULL),
(937, 16, 17, NULL, 's', '2025-11-22 19:31:24', 1, 0, 0, 0, NULL),
(938, 16, 17, NULL, 'ds', '2025-11-22 19:31:24', 1, 0, 0, 0, NULL),
(939, 16, 17, NULL, 'ds', '2025-11-22 19:31:24', 1, 0, 0, 0, NULL),
(940, 16, 17, NULL, 'ds', '2025-11-22 19:31:25', 1, 0, 0, 0, NULL),
(941, 16, 17, NULL, 'ds', '2025-11-22 19:31:25', 1, 0, 0, 0, NULL),
(942, 16, 17, NULL, 'ds', '2025-11-22 19:31:25', 1, 0, 0, 0, NULL),
(943, 16, 17, NULL, 'ds', '2025-11-22 19:31:25', 1, 0, 0, 0, NULL),
(944, 16, 17, NULL, 'd', '2025-11-22 19:31:25', 1, 0, 0, 0, NULL),
(945, 16, 17, NULL, 'd', '2025-11-22 19:31:25', 1, 0, 0, 0, NULL),
(946, 16, 17, NULL, 'sd', '2025-11-22 19:31:26', 1, 0, 0, 0, NULL),
(947, 16, 17, NULL, 's', '2025-11-22 19:31:26', 1, 0, 0, 0, NULL),
(948, 16, NULL, 1, '[[MESSAGE_UNSENT]]', '2025-11-22 21:35:31', 0, 0, 0, 0, NULL),
(949, 16, 17, NULL, 'DSADSAS', '2025-11-22 21:42:07', 1, 1, 0, 0, NULL),
(950, 16, 17, NULL, 'D', '2025-11-22 21:42:07', 1, 1, 0, 0, NULL),
(951, 16, 17, NULL, 'DS', '2025-11-22 21:42:07', 1, 1, 0, 0, NULL),
(952, 16, 17, NULL, 'DSA', '2025-11-22 21:42:08', 1, 1, 0, 0, NULL),
(953, 16, 17, NULL, 'DSA', '2025-11-22 21:42:08', 1, 1, 0, 0, NULL),
(954, 16, 17, NULL, 'DSA', '2025-11-22 21:42:08', 1, 1, 0, 0, NULL),
(955, 16, 17, NULL, 'DSAD', '2025-11-22 21:42:08', 1, 1, 0, 0, NULL),
(956, 16, 17, NULL, 'SAD', '2025-11-22 21:42:08', 1, 1, 0, 0, NULL),
(957, 16, 17, NULL, 'DSA', '2025-11-22 21:42:09', 1, 1, 0, 0, NULL),
(958, 16, 17, NULL, 'DSA', '2025-11-22 21:42:09', 1, 1, 0, 0, NULL),
(959, 16, 17, NULL, 'SAD', '2025-11-22 21:42:09', 1, 1, 0, 0, NULL),
(960, 16, 17, NULL, 'ASD', '2025-11-22 21:42:09', 1, 1, 0, 0, NULL),
(961, 16, 17, NULL, 'D', '2025-11-22 21:42:09', 1, 1, 0, 0, NULL),
(962, 16, 17, NULL, 'SAD', '2025-11-22 21:42:10', 1, 1, 0, 0, NULL),
(963, 17, 16, NULL, 'SA', '2025-11-22 22:13:39', 1, 0, 0, 0, NULL),
(964, 17, 16, NULL, 'S', '2025-11-22 22:13:39', 1, 0, 0, 0, NULL),
(965, 17, 16, NULL, 'SA', '2025-11-22 22:13:39', 1, 0, 0, 0, NULL),
(966, 17, 16, NULL, 'SA', '2025-11-22 22:13:39', 1, 0, 0, 0, NULL),
(967, 17, 16, NULL, 'S', '2025-11-22 22:13:39', 1, 0, 0, 0, NULL),
(968, 17, 16, NULL, 'S', '2025-11-22 22:13:40', 1, 0, 0, 0, NULL),
(969, 17, 16, NULL, 'S', '2025-11-22 22:13:40', 1, 0, 0, 0, NULL),
(970, 17, 16, NULL, 'AS', '2025-11-22 22:13:40', 1, 0, 0, 0, NULL),
(971, 17, 16, NULL, 'AS', '2025-11-22 22:13:40', 1, 0, 0, 0, NULL),
(972, 17, 16, NULL, 'S', '2025-11-22 22:13:40', 1, 0, 0, 0, NULL),
(973, 17, 16, NULL, 'AS', '2025-11-22 22:13:40', 1, 0, 0, 0, NULL),
(974, 17, 16, NULL, 'A', '2025-11-22 22:13:41', 1, 0, 0, 0, NULL),
(975, 16, NULL, 1, 'asdsads', '2025-11-23 00:46:47', 0, 0, 0, 0, 843),
(976, 16, NULL, 1, 'dsad', '2025-11-23 00:46:47', 0, 0, 0, 0, NULL),
(977, 16, NULL, 1, 'ds', '2025-11-23 00:46:47', 0, 0, 0, 0, NULL),
(978, 16, NULL, 1, 'sa', '2025-11-23 00:46:48', 0, 0, 0, 0, NULL);

-- --------------------------------------------------------

--
-- Table structure for table `message_reactions`
--

CREATE TABLE `message_reactions` (
  `reaction_id` int(11) NOT NULL,
  `msg_id` int(11) NOT NULL,
  `user_id` int(11) NOT NULL,
  `reaction_emoji` varchar(10) CHARACTER SET utf8mb4 COLLATE utf8mb4_bin NOT NULL
) ENGINE=InnoDB DEFAULT CHARSET=utf8mb4 COLLATE=utf8mb4_general_ci;

--
-- Dumping data for table `message_reactions`
--

INSERT INTO `message_reactions` (`reaction_id`, `msg_id`, `user_id`, `reaction_emoji`) VALUES
(39, 92, 16, '👍'),
(41, 92, 13, '👍'),
(42, 93, 13, '😡'),
(48, 94, 16, '😢'),
(49, 95, 16, '😮'),
(50, 93, 16, '👍'),
(51, 94, 13, '😮'),
(52, 95, 13, '😡'),
(54, 98, 13, '👍'),
(55, 99, 13, '😮'),
(56, 68, 13, '❤️'),
(57, 97, 13, '😂'),
(58, 97, 16, '👍'),
(59, 100, 13, '😮'),
(60, 101, 13, '👍'),
(61, 101, 16, '😂'),
(62, 102, 13, '👍'),
(63, 102, 16, '😮'),
(64, 228, 13, '👍'),
(65, 287, 16, '😮'),
(66, 419, 13, '👍'),
(67, 508, 13, '👍'),
(68, 518, 16, '😮'),
(69, 519, 16, '❤️'),
(70, 551, 17, '😮'),
(71, 552, 17, '😂'),
(72, 631, 17, '👍'),
(73, 631, 16, '👍'),
(74, 627, 16, '😂'),
(75, 636, 17, '👍'),
(76, 39, 17, '😂'),
(77, 777, 17, '😡'),
(78, 780, 16, '👍'),
(79, 782, 16, '❤️'),
(80, 798, 17, '👍'),
(81, 798, 16, '😢'),
(82, 803, 17, '😂'),
(83, 810, 17, '😮'),
(84, 809, 17, '👍'),
(85, 817, 16, '😮'),
(86, 817, 17, '👍'),
(87, 520, 16, '❤️'),
(88, 899, 16, '👍'),
(89, 840, 16, '😡'),
(90, 967, 16, '👍'),
(91, 841, 16, '👍'),
(92, 844, 16, '👍');

-- --------------------------------------------------------

--
-- Table structure for table `muted_users`
--

CREATE TABLE `muted_users` (
  `id` int(11) NOT NULL,
  `user_id` int(11) NOT NULL,
  `muted_user_id` int(11) NOT NULL
) ENGINE=InnoDB DEFAULT CHARSET=utf8mb4 COLLATE=utf8mb4_general_ci;

--
-- Dumping data for table `muted_users`
--

INSERT INTO `muted_users` (`id`, `user_id`, `muted_user_id`) VALUES
(107, 17, 16);

-- --------------------------------------------------------

--
-- Table structure for table `study_sessions`
--

CREATE TABLE `study_sessions` (
  `session_id` int(11) UNSIGNED NOT NULL,
  `user_id` int(11) UNSIGNED NOT NULL,
  `subject` varchar(100) NOT NULL COMMENT 'e.g., Programming, Calculus, Thesis',
  `duration_minutes` int(11) NOT NULL COMMENT 'Total study time in minutes',
  `points_earned` int(11) NOT NULL DEFAULT 0,
  `session_datetime` datetime NOT NULL DEFAULT current_timestamp(),
  `is_completed` tinyint(1) NOT NULL DEFAULT 1 COMMENT 'Flag to mark if the session ran its full duration.'
) ENGINE=InnoDB DEFAULT CHARSET=utf8mb4 COLLATE=utf8mb4_general_ci;

--
-- Dumping data for table `study_sessions`
--

INSERT INTO `study_sessions` (`session_id`, `user_id`, `subject`, `duration_minutes`, `points_earned`, `session_datetime`, `is_completed`) VALUES
(1, 18, 'Data Science', 180, 300, '2025-11-14 01:50:54', 1),
(2, 18, 'Advanced Python', 150, 250, '2025-11-20 23:50:54', 1),
(3, 18, 'C++ Programming', 90, 150, '2025-11-19 21:50:54', 1),
(4, 12, 'Web Security', 30, 50, '2025-11-17 22:50:54', 1),
(5, 12, 'Linux Admin', 60, 100, '2025-11-19 00:50:54', 1),
(6, 12, 'Cloud Computing', 90, 150, '2025-11-19 15:50:54', 1),
(7, 12, 'Mobile Dev', 60, 100, '2025-11-21 00:50:54', 1),
(8, 12, 'Software Testing', 120, 200, '2025-11-15 01:50:54', 1),
(9, 19, 'Thesis Writing', 45, 75, '2025-11-20 00:50:54', 1),
(10, 19, 'Reviewing Notes', 60, 100, '2025-11-20 23:50:54', 1),
(11, 19, 'Group Discussion', 15, 25, '2025-11-16 01:50:54', 1);

-- --------------------------------------------------------

--
-- Table structure for table `users`
--

CREATE TABLE `users` (
  `id` int(11) UNSIGNED NOT NULL,
  `firstname` varchar(100) NOT NULL,
  `lastname` varchar(100) NOT NULL,
  `email` varchar(150) NOT NULL,
  `student_id` varchar(50) NOT NULL,
  `program` varchar(100) NOT NULL,
  `password` varchar(255) NOT NULL,
  `bio` varchar(255) DEFAULT NULL,
  `points` int(11) DEFAULT 0,
  `profile_photo` varchar(255) DEFAULT NULL COMMENT 'URL or path to the user profile photo.',
  `year_level` varchar(50) DEFAULT NULL COMMENT 'Academic year level of the user (e.g., 3rd Year).',
  `section` varchar(50) DEFAULT NULL COMMENT 'Class section (e.g., BSIT-3A).',
  `preferred_study_time` varchar(100) DEFAULT NULL COMMENT 'User setting for preferred study time (e.g., Morning).',
  `last_activity` datetime DEFAULT NULL,
  `active_status` tinyint(1) DEFAULT 1,
  `notification_sound` tinyint(1) DEFAULT 1,
  `do_not_disturb` tinyint(1) DEFAULT 0,
  `dark_mode_pref` enum('off','on','auto') DEFAULT 'auto',
  `app_lock_enabled` tinyint(1) DEFAULT 0
) ENGINE=InnoDB DEFAULT CHARSET=utf8mb4 COLLATE=utf8mb4_general_ci;

--
-- Dumping data for table `users`
--

INSERT INTO `users` (`id`, `firstname`, `lastname`, `email`, `student_id`, `program`, `password`, `bio`, `points`, `profile_photo`, `year_level`, `section`, `preferred_study_time`, `last_activity`, `active_status`, `notification_sound`, `do_not_disturb`, `dark_mode_pref`, `app_lock_enabled`) VALUES
(7, 'mat', 'rap', 'mat@gmail.com', '22145687', 'BSIT', '$2y$10$X4dcTMuVQo14ycQqj0X/R.jhv2nQhPdWD2nnbUHSCtGRArIigoKCu', NULL, 0, NULL, NULL, NULL, NULL, NULL, 1, 1, 0, 'auto', 0),
(8, 'rap', 'fael', 'rap@gmail.com', '22145676', 'BSIS', '$2y$10$9a6GA7tUhfxjSY.ZmeQ7mOx72x/VMubEJ.bPHU7pttObiWlUw..W2', NULL, 0, NULL, NULL, NULL, NULL, NULL, 1, 1, 0, 'auto', 0),
(9, 'jan', 'keth', 'jan@gmail.com', '2219650', 'BSCS', '$2y$10$ue3I10lYJ06iIkXNj0Bs4.ZdqZR9BhEx1VEUaBhn8tPL/r4HaqFyy', NULL, 0, NULL, NULL, NULL, NULL, NULL, 1, 1, 0, 'auto', 0),
(11, 'ge', 'lo', 'gelo@gmail.com', '22415868', 'BSIT', '$2y$10$/pM/7wjKevBqLNM8lClp8ueZBloEcJTMFqAlrjnIREhTWo/Zk88fG', NULL, 0, NULL, NULL, NULL, NULL, NULL, 1, 1, 0, 'auto', 0),
(12, 'gee', 'geeee', 'gee@gmai.com', '22145686', 'BSIT', '$2y$10$uc862XAAN3OSbVAJgrkrt.DYds9eR4kdQckYcvw7XTmBE6RU0AXSi', NULL, 600, NULL, NULL, NULL, NULL, NULL, 1, 1, 0, 'auto', 0),
(13, 'RENEN', 'rey', 'EUTAN@gmail.com', '22145111', 'BSIT', '$2y$10$thH2TVl3oaFdh5dUgvevquDbH2Jr4scM94gxRdJQHi/wfXdtEsYMi', 'ASASAS', 0, 'profile_13_1763728995.jpg', '1st Year', '', 'Morning', '2025-11-21 14:31:28', 1, 1, 0, 'auto', 0),
(14, 'REAWEAUBED', 'ADASUDH', '11111@gmail.com', '22141234', 'BSIS', '$2y$10$10BWNOX47EvM1NAyiIbUBOfSh8jgKU9y0Aq8wSaodaypFovJq0reK', NULL, 0, NULL, NULL, NULL, NULL, NULL, 1, 1, 0, 'auto', 0),
(15, 'ricardo', 'flandez', '1231@gmail.com', '22121111', 'BSIT', '$2y$10$zXIPjuaM49CHC80Yfqsn5eEIbqZnA8lN.BmIlhS0tsT7rNFNx2rhu', NULL, 0, NULL, NULL, NULL, NULL, NULL, 1, 1, 0, 'auto', 0),
(16, 'ricardo', 'flandezq', '1@gmail.com', '12334678', 'BSIS', '$2y$10$XCGMMO.rVSbR6faTJjeDVeSMHRGAZtV/od3B1jz8ezOD6WbUBPBlS', 'kantutin NA \r\n\r\n', 0, 'profile_16_1763465479.png', '1st Year', '4O', 'Morning', '2025-11-22 17:48:20', 0, 1, 0, 'auto', 0),
(17, 'eut', 'tan', '2@gmail.com', '12333678', 'BSIT', '$2y$10$35S4fCeHYDgUtm3MwJmuH.hO5WeaTqav0j9Qi8aN2tiI8Tz7/nWDK', 'ewewqe', 0, 'profile_17_1763732089.jpg', '1st Year', '', 'Morning', '2025-11-22 17:47:40', 1, 1, 0, 'auto', 0),
(18, 'josiah', 'pogi', 'josiah@gmail.com', '22145678', 'BSIS', '$2y$10$wfUxrewgoH.g5ZUirNrmDepLzWZWcIx4clHJxSp4MJIOaWKDmJ1uu', 'CHRIS BAYAG\r\n', 700, 'profile_18_1763464681.png', '1st Year', '4O', 'Morning', NULL, 1, 1, 0, 'auto', 0),
(19, 'eutan', 'na tayo', '1122@gmail.com', '22145492', 'BSCS', '$2y$10$1OM0Z1LY9cECXjt8lGY1rO98/.8w8oxzeMq0..JHtpi1SMPGNhIkK', 'EUTAN\r\n', 200, 'profile_19_1763463274.jpeg', '3rd Year', '4O', 'Afternoon', NULL, 1, 1, 0, 'auto', 0),
(20, 'bai', 'boy', 'bai@gmail.com', '22145494', 'BSIT', '$2y$10$GZSBV6//f/5ne64FZ4w7Au716fizqQ/fY5NrV7lo5NgBcMgHMcLs6', NULL, 0, NULL, NULL, NULL, NULL, '2025-11-20 20:39:38', 1, 1, 0, 'auto', 0);

-- --------------------------------------------------------

--
-- Table structure for table `user_achievements`
--

CREATE TABLE `user_achievements` (
  `id` int(11) NOT NULL,
  `user_id` int(11) UNSIGNED NOT NULL,
  `achievement_id` int(11) NOT NULL,
  `unlocked_at` timestamp NOT NULL DEFAULT current_timestamp()
) ENGINE=InnoDB DEFAULT CHARSET=utf8mb4 COLLATE=utf8mb4_general_ci;

-- --------------------------------------------------------

--
-- Table structure for table `user_photo_history`
--

CREATE TABLE `user_photo_history` (
  `id` int(11) NOT NULL,
  `user_id` int(11) NOT NULL,
  `filename` varchar(255) NOT NULL,
  `uploaded_at` timestamp NOT NULL DEFAULT current_timestamp()
) ENGINE=InnoDB DEFAULT CHARSET=utf8mb4 COLLATE=utf8mb4_general_ci;

--
-- Dumping data for table `user_photo_history`
--

INSERT INTO `user_photo_history` (`id`, `user_id`, `filename`, `uploaded_at`) VALUES
(1, 19, 'profile_19_1763463258.jpg', '2025-11-18 10:54:18'),
(2, 19, 'profile_19_1763463274.jpeg', '2025-11-18 10:54:34'),
(3, 18, 'profile_18_1763464638.png', '2025-11-18 11:17:18'),
(4, 18, 'profile_18_1763464681.png', '2025-11-18 11:18:01'),
(5, 16, 'profile_16_1763465479.png', '2025-11-18 11:31:19'),
(6, 13, 'profile_13_1763466224.png', '2025-11-18 11:43:44'),
(7, 13, 'profile_13_1763466260.png', '2025-11-18 11:44:20'),
(8, 13, 'profile_13_1763728995.jpg', '2025-11-21 12:43:15'),
(9, 17, 'profile_17_1763732089.jpg', '2025-11-21 13:34:49');

--
-- Indexes for dumped tables
--

--
-- Indexes for table `achievements`
--
ALTER TABLE `achievements`
  ADD PRIMARY KEY (`id`),
  ADD UNIQUE KEY `name` (`name`);

--
-- Indexes for table `analytics`
--
ALTER TABLE `analytics`
  ADD PRIMARY KEY (`id`);

--
-- Indexes for table `blocked_users`
--
ALTER TABLE `blocked_users`
  ADD PRIMARY KEY (`id`),
  ADD UNIQUE KEY `unique_block` (`blocker_id`,`blocked_id`);

--
-- Indexes for table `chat_settings`
--
ALTER TABLE `chat_settings`
  ADD PRIMARY KEY (`id`),
  ADD UNIQUE KEY `unique_setting_user` (`user_id`,`partner_id`),
  ADD UNIQUE KEY `unique_setting_group` (`user_id`,`group_id`);

--
-- Indexes for table `groups`
--
ALTER TABLE `groups`
  ADD PRIMARY KEY (`group_id`);

--
-- Indexes for table `group_deletion_requests`
--
ALTER TABLE `group_deletion_requests`
  ADD PRIMARY KEY (`request_id`);

--
-- Indexes for table `group_deletion_votes`
--
ALTER TABLE `group_deletion_votes`
  ADD PRIMARY KEY (`vote_id`);

--
-- Indexes for table `group_members`
--
ALTER TABLE `group_members`
  ADD PRIMARY KEY (`id`);

--
-- Indexes for table `messages`
--
ALTER TABLE `messages`
  ADD PRIMARY KEY (`msg_id`),
  ADD KEY `sender_id` (`sender_id`),
  ADD KEY `receiver_id` (`receiver_id`,`is_read`),
  ADD KEY `messages_group_fk` (`group_id`);

--
-- Indexes for table `message_reactions`
--
ALTER TABLE `message_reactions`
  ADD PRIMARY KEY (`reaction_id`),
  ADD UNIQUE KEY `one_reaction_per_user_per_message` (`msg_id`,`user_id`),
  ADD KEY `msg_id` (`msg_id`),
  ADD KEY `user_id` (`user_id`);

--
-- Indexes for table `muted_users`
--
ALTER TABLE `muted_users`
  ADD PRIMARY KEY (`id`);

--
-- Indexes for table `study_sessions`
--
ALTER TABLE `study_sessions`
  ADD PRIMARY KEY (`session_id`),
  ADD KEY `user_id` (`user_id`);

--
-- Indexes for table `users`
--
ALTER TABLE `users`
  ADD PRIMARY KEY (`id`),
  ADD UNIQUE KEY `email` (`email`),
  ADD UNIQUE KEY `student_id` (`student_id`);

--
-- Indexes for table `user_achievements`
--
ALTER TABLE `user_achievements`
  ADD PRIMARY KEY (`id`),
  ADD UNIQUE KEY `unique_user_achievement` (`user_id`,`achievement_id`),
  ADD KEY `achievement_id` (`achievement_id`);

--
-- Indexes for table `user_photo_history`
--
ALTER TABLE `user_photo_history`
  ADD PRIMARY KEY (`id`);

--
-- AUTO_INCREMENT for dumped tables
--

--
-- AUTO_INCREMENT for table `achievements`
--
ALTER TABLE `achievements`
  MODIFY `id` int(11) NOT NULL AUTO_INCREMENT, AUTO_INCREMENT=5;

--
-- AUTO_INCREMENT for table `analytics`
--
ALTER TABLE `analytics`
  MODIFY `id` int(11) UNSIGNED NOT NULL AUTO_INCREMENT, AUTO_INCREMENT=4;

--
-- AUTO_INCREMENT for table `blocked_users`
--
ALTER TABLE `blocked_users`
  MODIFY `id` int(11) NOT NULL AUTO_INCREMENT, AUTO_INCREMENT=3;

--
-- AUTO_INCREMENT for table `chat_settings`
--
ALTER TABLE `chat_settings`
  MODIFY `id` int(11) NOT NULL AUTO_INCREMENT, AUTO_INCREMENT=5;

--
-- AUTO_INCREMENT for table `groups`
--
ALTER TABLE `groups`
  MODIFY `group_id` int(11) NOT NULL AUTO_INCREMENT, AUTO_INCREMENT=9;

--
-- AUTO_INCREMENT for table `group_deletion_requests`
--
ALTER TABLE `group_deletion_requests`
  MODIFY `request_id` int(11) NOT NULL AUTO_INCREMENT, AUTO_INCREMENT=5;

--
-- AUTO_INCREMENT for table `group_deletion_votes`
--
ALTER TABLE `group_deletion_votes`
  MODIFY `vote_id` int(11) NOT NULL AUTO_INCREMENT, AUTO_INCREMENT=10;

--
-- AUTO_INCREMENT for table `group_members`
--
ALTER TABLE `group_members`
  MODIFY `id` int(11) NOT NULL AUTO_INCREMENT, AUTO_INCREMENT=25;

--
-- AUTO_INCREMENT for table `messages`
--
ALTER TABLE `messages`
  MODIFY `msg_id` int(11) NOT NULL AUTO_INCREMENT, AUTO_INCREMENT=979;

--
-- AUTO_INCREMENT for table `message_reactions`
--
ALTER TABLE `message_reactions`
  MODIFY `reaction_id` int(11) NOT NULL AUTO_INCREMENT, AUTO_INCREMENT=93;

--
-- AUTO_INCREMENT for table `muted_users`
--
ALTER TABLE `muted_users`
  MODIFY `id` int(11) NOT NULL AUTO_INCREMENT, AUTO_INCREMENT=109;

--
-- AUTO_INCREMENT for table `study_sessions`
--
ALTER TABLE `study_sessions`
  MODIFY `session_id` int(11) UNSIGNED NOT NULL AUTO_INCREMENT, AUTO_INCREMENT=12;

--
-- AUTO_INCREMENT for table `users`
--
ALTER TABLE `users`
  MODIFY `id` int(11) UNSIGNED NOT NULL AUTO_INCREMENT, AUTO_INCREMENT=21;

--
-- AUTO_INCREMENT for table `user_achievements`
--
ALTER TABLE `user_achievements`
  MODIFY `id` int(11) NOT NULL AUTO_INCREMENT;

--
-- AUTO_INCREMENT for table `user_photo_history`
--
ALTER TABLE `user_photo_history`
  MODIFY `id` int(11) NOT NULL AUTO_INCREMENT, AUTO_INCREMENT=10;

--
-- Constraints for dumped tables
--

--
-- Constraints for table `messages`
--
ALTER TABLE `messages`
  ADD CONSTRAINT `messages_group_fk` FOREIGN KEY (`group_id`) REFERENCES `groups` (`group_id`) ON DELETE CASCADE ON UPDATE CASCADE,
  ADD CONSTRAINT `messages_ibfk_1` FOREIGN KEY (`sender_id`) REFERENCES `users` (`id`),
  ADD CONSTRAINT `messages_receiver_fk` FOREIGN KEY (`receiver_id`) REFERENCES `users` (`id`) ON DELETE CASCADE ON UPDATE CASCADE;

--
-- Constraints for table `study_sessions`
--
ALTER TABLE `study_sessions`
  ADD CONSTRAINT `fk_session_user` FOREIGN KEY (`user_id`) REFERENCES `users` (`id`) ON DELETE CASCADE;

--
-- Constraints for table `user_achievements`
--
ALTER TABLE `user_achievements`
  ADD CONSTRAINT `user_achievements_ibfk_1` FOREIGN KEY (`user_id`) REFERENCES `users` (`id`) ON DELETE CASCADE,
  ADD CONSTRAINT `user_achievements_ibfk_2` FOREIGN KEY (`achievement_id`) REFERENCES `achievements` (`id`) ON DELETE CASCADE;
COMMIT;

/*!40101 SET CHARACTER_SET_CLIENT=@OLD_CHARACTER_SET_CLIENT */;
/*!40101 SET CHARACTER_SET_RESULTS=@OLD_CHARACTER_SET_RESULTS */;
/*!40101 SET COLLATION_CONNECTION=@OLD_COLLATION_CONNECTION */;
